user_id,num_train_ratings,train_corr,fixed_test_corr,good_test_corr,train_rmse,fixed_test_rmse,good_test_rmse,passed_redisplay,passed_arbitrary,ratings_accuracy,fixed_mpc_accuracy,good_mpc_accuracy
0.0,31.0,1.0,0.1268428512407817,0.6805446536716203,0.0,0.5865151319446072,0.8485281374238571,1.0,0.0,0.4,,
1.0,51.0,1.0,0.17457910180461403,0.6126788517448396,0.0,0.4774934554525329,0.4,1.0,0.0,0.8,,
2.0,51.0,1.0,0.2314523341531829,0.3273268353539886,0.0,0.4301162633521313,0.7745966692414834,1.0,0.0,0.2,,
3.0,51.0,1.0,0.4141109873037261,,0.0,0.5621387729022078,0.5059644256269408,1.0,1.0,1.0,,
4.0,31.0,1.0,-0.3739896631100042,,0.0,0.2966479394838265,0.2190890230020664,1.0,1.0,0.8,,
5.0,21.0,0.9999999999999999,-0.039938753201519725,0.23249527748763868,0.0,0.6418722614352486,0.5099019513592785,1.0,0.0,0.4,,
6.0,51.0,0.9999999999999999,0.04182254699658263,0.4023892374872818,0.0,0.3073109174760962,0.32692506786724074,1.0,1.0,0.8,,
7.0,51.0,1.0,0.4132198134582529,-0.44821072850039745,0.0,0.5099019513592784,0.6324555320336759,1.0,0.0,0.8,,
8.0,11.0,1.0,0.22149059748072938,0.5477225575051661,0.0,0.4472135954999579,0.46475800154489005,1.0,0.0,0.4,,
9.0,31.0,0.9999999999999999,0.3758414623324664,-0.40824829046386296,0.0,0.4242640687119285,0.15491933384829662,1.0,1.0,1.0,,
10.0,41.0,1.0,0.017378824984374253,-0.19611613513818404,0.0,0.43358966777357605,0.49799598391954936,1.0,0.0,0.6,,
11.0,31.0,1.0,-0.12157859785162886,0.21004201260420144,0.0,0.46583258795408466,0.3346640106136303,1.0,0.0,0.6,,
12.0,31.0,0.9999999999999997,-0.09622504486493756,-0.0680413817439772,0.0,0.409878030638384,0.8579044235810886,1.0,0.0,0.2,,
13.0,51.0,1.0,-0.3522825528537665,0.8846517369293823,0.0,0.532916503778969,0.2366431913239848,1.0,1.0,1.0,,
14.0,11.0,1.0,0.4879500364742665,0.16666666666666669,0.0,0.36469165057620934,0.12649110640673514,1.0,0.0,1.0,,
15.0,31.0,0.9999999999999997,0.06325530993774789,,0.0,0.9422101676377728,1.2146769117753082,1.0,0.0,0.6,,
16.0,31.0,0.9999999999999999,0.582070883456212,,0.0,0.4961048276322253,0.17549928774784238,1.0,0.0,1.0,,
17.0,41.0,0.9999999999999998,0.024012297445244277,0.5809475019311127,0.0,0.4472135954999579,0.5440588203494178,1.0,1.0,0.6,,
18.0,11.0,1.0,0.2715600901612974,-0.184506241605777,0.0,0.40987803063838396,0.7655063683601855,1.0,1.0,0.6,,
19.0,21.0,1.0,0.07883699139543482,,0.0,0.6957010852370435,0.49055071093618846,1.0,0.0,1.0,,
20.0,41.0,1.0,0.764264748848728,-0.38348249442368515,0.0,0.322490309931942,0.66332495807108,1.0,0.0,0.8,,
21.0,41.0,1.0,0.511045172711459,0.5590169943749475,0.0,0.4560701700396552,0.2190890230020665,1.0,0.0,1.0,,
22.0,31.0,1.0,-0.033377866864659475,-0.22360679774997938,0.0,0.5138093031466051,0.20000000000000012,1.0,0.0,1.0,,
23.0,41.0,0.9999999999999998,-0.2785895000354799,-0.4923659639173309,0.0,0.635609943282828,0.753657747256671,1.0,0.0,0.4,,
24.0,11.0,1.0,0.8748359836281634,0.6593804733957873,0.0,0.316227766016838,0.34641016151377546,1.0,0.0,0.8,,
25.0,21.0,0.9999999999999998,0.08576318112375043,,0.0,0.8907524908749905,0.8049844718999243,1.0,1.0,0.8,,
26.0,31.0,0.9999999999999999,0.210585848725027,0.38888888888888895,0.0,0.433589667773576,0.66332495807108,1.0,0.0,0.6,,
27.0,31.0,1.0,0.5232687947332982,,0.0,0.594138031100518,0.29664793948382645,1.0,0.0,0.8,,
28.0,41.0,0.9999999999999998,-0.33970350448626974,0.40824829046386296,0.0,0.28284271247461906,0.3130495168499706,1.0,0.0,0.6,,
29.0,31.0,1.0,0.6286185570937121,-0.4308202184276642,0.0,0.19999999999999996,0.4494441010848846,1.0,0.0,0.2,,
30.0,51.0,1.0,0.3627450980392157,3.1096180814117603e-16,0.0,0.37947331922020555,1.0890362712049586,1.0,0.0,0.2,,
31.0,21.0,1.0,-0.3131121455425747,0.0,0.0,0.7668115805072326,1.007968253468332,1.0,1.0,0.0,,
32.0,31.0,1.0,0.2720711135665476,-0.6985354731356995,0.0,0.5796550698475776,0.7745966692414834,1.0,1.0,0.8,,
33.0,21.0,0.9999999999999999,-0.4938191220771762,0.5052911526399113,0.0,1.0315037566582101,0.3577708763999664,1.0,1.0,1.0,,
34.0,21.0,1.0,0.10313531004263204,-0.25663245128736806,0.0,0.7771743691090179,0.38470768123342686,0.0,0.0,1.0,,
35.0,51.0,0.9999999999999999,0.6107382550335567,,0.0,0.21908902300206654,0.4195235392680607,1.0,0.0,0.4,,
36.0,21.0,1.0,0.10120511309409211,,0.0,0.322490309931942,0.322490309931942,1.0,1.0,0.6,,
37.0,41.0,1.0,0.22798488507605463,0.1020620726159668,0.0,0.7321202087089251,0.5585696017507578,0.0,1.0,1.0,,
38.0,51.0,1.0,0.23560342771592754,0.4004926905196846,0.0,0.37083689136869863,0.567309439371495,1.0,0.0,0.4,,
39.0,21.0,0.9999999999999999,-0.2929235265377031,-0.2996321655080132,0.0,0.45602631503017454,0.498718357392226,1.0,0.0,0.4,,
40.0,41.0,1.0,-0.303556268926801,6.642721319790989e-17,0.0,0.807465169527454,0.8390470785361213,1.0,0.0,0.4,,
41.0,51.0,0.9999999999999999,-0.14907119849998593,-0.24999999999999997,0.0,0.3033150177620621,0.4732863826479694,1.0,0.0,0.6,,
42.0,21.0,1.0,0.4250131159402673,-0.06019292654288441,0.0,0.4381780460041329,0.4979959839195493,1.0,0.0,0.8,,
43.0,11.0,1.0,-0.21394228630371986,,0.0,0.6164414002968976,0.2683281572999749,1.0,1.0,1.0,,
44.0,31.0,1.0,0.5370005177968626,0.4942160816039733,0.0,0.5985315363454127,0.8200975551725539,1.0,0.0,0.6,,
45.0,51.0,1.0,-0.39882199042774563,,0.0,0.7536577472566709,0.3687817782917156,1.0,0.0,1.0,,
46.0,11.0,0.9999999999999999,0.680089351725272,0.25663245128736817,0.0,0.3847076812334269,0.8625543461139131,1.0,0.0,0.6,,
47.0,21.0,1.0,0.34631286412900547,-0.8989331499509895,0.0,0.6033241251599343,1.2296340919151518,1.0,0.0,0.4,,
48.0,51.0,0.9999999999999999,0.07514660105714821,,0.0,0.6284902544988268,0.9110433579144299,1.0,0.0,0.4,,
49.0,11.0,1.0,-0.4039992097093547,-0.369047619047619,0.0,0.9818350166906862,0.6387487769068525,1.0,1.0,0.6,,
50.0,11.0,0.9999999999999996,0.461549747063179,-0.23836564731139884,0.0,0.3346640106136302,0.4732863826479694,1.0,0.0,0.8,,
51.0,11.0,1.0,-0.014004860530052215,0.20412414523193162,0.0,0.4857983120596447,0.5932958789676531,1.0,0.0,0.8,,
52.0,11.0,1.0,0.223606797749979,0.18587067609528612,0.0,0.46475800154489005,0.6131883886702356,1.0,1.0,0.6,,
53.0,41.0,0.9999999999999999,-0.22409449036367166,-0.5931710140017393,0.0,0.7014271166700072,0.5796550698475775,1.0,0.0,0.8,,
54.0,41.0,0.9999999999999999,-0.44659589686882367,,0.0,0.30331501776206216,0.21908902300206656,1.0,0.0,0.8,,
55.0,11.0,0.9999999999999999,0.2468493173244072,-0.20655848728321627,0.0,0.763544366752843,0.9767292357659825,1.0,0.0,0.4,,
56.0,11.0,1.0,0.32262931866215905,-0.5669467095138409,0.0,0.5176871642217914,0.3898717737923586,1.0,0.0,1.0,,
57.0,31.0,1.0,0.3403598574706467,0.27950849718747384,0.0,0.39496835316263007,0.3464101615137755,1.0,1.0,1.0,,
58.0,11.0,1.0,0.1761342007466955,-0.2833808932567324,0.0,0.5338539126015656,0.49967989753441155,1.0,1.0,0.8,,
59.0,11.0,1.0,0.2157654046377879,-1.5294600282836572e-16,0.0,0.6480740698407861,0.322490309931942,1.0,0.0,1.0,,
60.0,31.0,0.9999999999999999,0.15266675363988963,,0.0,0.9197608384792213,1.6816896265363594,1.0,0.0,0.2,,
61.0,21.0,1.0,0.2089691897642865,,0.0,0.39496835316263007,0.3577708763999664,1.0,0.0,0.6,,
62.0,11.0,1.0,0.45244275661717004,,0.0,0.5481605604200287,1.1916375287812986,1.0,0.0,0.6,,
63.0,41.0,1.0,0.585961838277089,0.8249579113843055,0.0,0.30983866769659335,0.47328638264796924,1.0,0.0,0.6,,
64.0,11.0,1.0,0.1520577870992693,-0.06593804733957859,0.0,0.644980619863884,0.7694153624668538,1.0,0.0,0.2,,
65.0,21.0,1.0,0.05947073433757638,-0.6621221919717306,0.0,0.2799285623154594,0.5585696017507576,1.0,0.0,0.6,,
66.0,51.0,0.9999999999999999,-0.03281783386560268,,0.0,0.7974960814950753,0.2683281572999748,0.0,0.0,0.8,,
67.0,11.0,0.9999999999999999,-0.46285903208153767,0.441261304060914,0.0,0.807465169527454,0.5138093031466052,1.0,0.0,0.6,,
68.0,21.0,0.9999999999999998,0.3620025506275487,-0.6556100681071857,0.0,0.6196773353931867,0.4647580015448901,1.0,0.0,1.0,,
69.0,11.0,1.0,-0.6485935988028103,0.39620290784653084,0.0,0.5291502622129182,0.37416573867739417,1.0,0.0,0.8,,
70.0,21.0,0.9999999999999999,-0.5217391304347826,0.026028960314767702,0.0,0.7563068160475614,0.8342661445845684,1.0,1.0,0.6,,
71.0,21.0,1.0,-0.06780157913100454,,0.0,0.44271887242357316,0.49799598391954936,1.0,0.0,0.8,,
72.0,41.0,0.9999999999999998,0.21821789023599236,,0.0,0.21908902300206654,0.38987177379235866,1.0,0.0,0.4,,
73.0,31.0,1.0,0.1268258055032146,0.2736819719121106,0.0,0.5475764786767233,0.8194632389558423,1.0,0.0,0.4,,
74.0,51.0,1.0,0.6069979831475084,0.1762268442125604,0.0,0.5477225575051662,1.0315037566582101,0.0,0.0,0.4,,
75.0,41.0,1.0,0.3312618868609642,0.408248290463863,0.0,0.5932958789676531,0.5865151319446074,1.0,0.0,1.0,,
76.0,31.0,1.0,0.2741826967615878,0.6123724356957945,0.0,0.7974960814950754,0.12649110640673514,1.0,1.0,1.0,,
77.0,41.0,0.9999999999999998,-0.08463219400064088,0.3094263738776379,0.0,0.6587867636800242,0.7745966692414834,1.0,0.0,0.4,,
78.0,31.0,1.0,0.028632850559705342,-0.8427009716003844,0.0,0.692820323027551,1.3505554412907304,1.0,1.0,0.6,,
79.0,31.0,1.0,0.38984058779272535,0.1351474756798971,0.0,0.42426406871192857,0.8,1.0,1.0,0.6,,
80.0,41.0,1.0,0.47628751885840187,0.7470178808339963,0.0,0.6899275324264137,0.7211102550927979,1.0,0.0,0.8,,
81.0,41.0,1.0,0.06303230445511405,-0.37796447300922736,0.0,0.5099019513592785,0.5727128425310541,1.0,0.0,0.6,,
82.0,41.0,0.9999999999999998,-0.08469711416439268,0.28867513459481303,0.0,0.4732863826479692,0.629285308902091,1.0,0.0,0.6,,
83.0,51.0,1.0,-0.030468787193366504,-0.49099025303098287,0.0,0.8831760866327847,0.521536192416212,0.0,0.0,1.0,,
84.0,41.0,1.0,0.2029267969294925,0.38132422328683235,0.0,0.8603487664894978,0.7303150005305933,1.0,0.0,0.8,,
85.0,21.0,1.0,0.7225776654672571,0.45643546458763845,0.0,0.3741657386773941,0.593295878967653,1.0,0.0,0.2,,
86.0,41.0,0.9999999999999999,0.2815393864551721,0.22821773229381928,0.0,0.4098780306383839,0.6260990336999411,1.0,0.0,0.6,,
87.0,31.0,0.9999999999999998,0.5451417668604137,-0.7714542762891771,0.0,0.39496835316262996,0.967470929795826,0.0,0.0,0.4,,
88.0,21.0,1.0,-0.33150643092203746,0.23281653683320877,0.0,1.140175425099138,1.0237187113655781,1.0,0.0,0.8,,
89.0,41.0,1.0,0.13697094911803934,-0.24077170617153804,0.0,0.7509993342207436,0.6752777206453653,0.0,0.0,0.8,,
90.0,11.0,0.9999999999999998,-0.04838683669996248,,0.0,0.5513619500836089,0.8342661445845684,1.0,0.0,0.2,,
91.0,51.0,1.0,0.38028607878825604,-0.3273268353539886,0.0,0.606630035524124,0.21908902300206634,1.0,0.0,1.0,,
92.0,31.0,1.0,-0.057637293155062136,-0.8103329076029876,0.0,0.5332916650389353,0.6124704074483927,1.0,0.0,0.8,,
93.0,11.0,1.0,0.4717050577290708,0.19896664409553158,0.0,0.5338913747196147,0.49855792040644586,1.0,0.0,0.8,,
94.0,21.0,1.0,0.575311356632314,-5.3633503817949825e-18,0.0,0.2898275349237887,0.6633249580710799,1.0,0.0,0.4,,
95.0,41.0,0.9999999999999999,0.0041551047265272175,-0.5833333333333333,0.0,0.6356099432828282,0.447213595499958,1.0,0.0,0.8,,
96.0,11.0,0.9999999999999999,0.44823346819390053,0.0989070710093683,0.0,0.4939635614091387,0.4195235392680607,1.0,1.0,0.8,,
97.0,41.0,0.9999999999999999,-0.21496954369974,0.5815799980377997,0.0,0.938083151964686,0.3346640106136303,1.0,0.0,1.0,,
98.0,41.0,1.0,0.028250290441909187,,0.0,0.9214119599831555,1.0620734437881403,1.0,1.0,0.8,,
99.0,51.0,1.0,0.308882611199612,0.6454972243679029,0.0,0.5727128425310541,0.3794733192202055,1.0,0.0,0.8,,
100.0,51.0,1.0,0.2654102955352964,-0.017093642483997817,0.0,0.2876803781977493,0.7451711212869163,1.0,0.0,0.8,,
101.0,21.0,1.0,0.35650413294907407,0.5654962197036243,0.0,0.39242833740697175,0.40249223594996203,1.0,0.0,0.8,,
102.0,31.0,1.0,0.5270543206851868,0.0912870929175276,0.0,0.4427188724235731,0.32557641192199416,1.0,0.0,1.0,,
103.0,31.0,0.9999999999999999,-0.12819011415297168,0.82915619758885,0.0,0.45497252664309307,0.709929573971954,1.0,0.0,0.2,,
104.0,11.0,0.9999999999999999,0.22101815876906514,-0.5995437734798083,0.0,0.6292853089020909,0.6870225614927067,1.0,1.0,0.8,,
105.0,31.0,1.0,-0.24862257904942336,0.7378647873726218,0.0,0.3577708763999664,0.593295878967653,1.0,0.0,0.2,,
106.0,21.0,1.0,0.26599373147406646,0.6723160927505966,0.0,0.5990659396093221,0.19287301521985903,1.0,0.0,1.0,,
107.0,51.0,1.0,0.32456625239368647,-0.5124500385567421,0.0,0.46475800154489005,0.7536577472566709,1.0,0.0,0.6,,
108.0,51.0,1.0,0.271573890960198,0.05198752449100361,0.0,0.644980619863884,0.8342661445845684,1.0,0.0,0.2,,
109.0,21.0,0.9999999999999998,0.6915714991260131,-0.806559132617443,0.0,0.4604345773288535,0.5796550698475776,1.0,0.0,0.8,,
110.0,21.0,1.0,-0.11449019885209608,0.5345224838248487,0.0,0.4516635916254486,0.6131883886702356,1.0,0.0,0.4,,
111.0,11.0,1.0,0.436659887072405,,0.0,0.7628892449104261,0.565685424949238,1.0,0.0,0.6,,
112.0,51.0,0.9999999999999999,0.05191419486465131,0.3426807905669683,0.0,0.6978538528947161,0.6148170459575759,1.0,0.0,0.6,,
113.0,51.0,0.9999999999999999,0.8088323232834648,-0.08924461759630946,0.0,0.4289522117905444,1.2712198865656563,1.0,0.0,0.6,,
114.0,21.0,1.0,-0.09867889768952623,,0.0,0.45276925690687087,0.3577708763999664,1.0,0.0,0.8,,
115.0,11.0,1.0,-0.4371384271862179,0.45643546458763856,0.0,0.7720103626247513,0.3577708763999663,1.0,1.0,1.0,,
116.0,31.0,0.9999999999999999,0.2878752577591902,,0.0,0.35213633723318016,0.6148170459575759,1.0,1.0,0.4,,
117.0,11.0,1.0,0.3345959556063466,1.8277178036521884e-16,0.0,0.1882551460120015,0.15491933384829673,1.0,1.0,0.8,,
118.0,31.0,0.9999999999999999,0.6629485756002468,0.16666666666666666,0.0,0.41952353926806063,0.6870225614927067,1.0,1.0,0.8,,
119.0,41.0,1.0,0.9641643380613809,0.08006407690254358,0.0,0.15491933384829662,0.29664793948382645,1.0,0.0,1.0,,
120.0,31.0,1.0,-0.016973550356272325,0.7717436331412898,0.0,0.5253570214625479,0.37947331922020544,0.0,0.0,0.8,,
121.0,11.0,1.0,-0.13666071307260344,-0.49099025303098276,0.0,0.7211102550927978,0.5291502622129182,1.0,1.0,0.6,,
122.0,41.0,0.9999999999999999,-0.026816301972654007,0.973399487199264,0.0,0.4647580015448901,0.38987177379235866,1.0,0.0,0.6,,
123.0,11.0,0.9999999999999999,0.44904772405388105,,0.0,0.7151503338459685,0.3974921382870358,1.0,0.0,1.0,,
124.0,21.0,1.0,-0.24890859940500337,0.08574929257125431,0.0,0.6542170893518451,0.551361950083609,1.0,0.0,0.8,,
125.0,11.0,0.9999999999999998,-0.2586718346999636,,0.0,0.5865151319446072,1.0733126291998991,1.0,1.0,0.4,,
126.0,51.0,1.0,0.7442718377551658,,0.0,0.4560701700396552,0.4560701700396552,1.0,1.0,0.8,,
127.0,31.0,1.0,-0.6070892954557204,-0.4188539082916954,0.0,0.5630275304103699,0.5477225575051662,1.0,0.0,0.8,,
128.0,31.0,1.0,0.35897086772247605,-0.4422689813358519,0.0,0.4919349550499537,0.6511528238439883,1.0,0.0,0.8,,
129.0,51.0,0.9999999999999999,0.46072133762546336,-0.6123724356957945,0.0,0.3741657386773941,0.3224903099319421,1.0,0.0,1.0,,
130.0,41.0,1.0,0.1863395417193881,-0.9999999999999998,0.0,0.74027022093287,0.3999999999999999,1.0,0.0,1.0,,
131.0,11.0,1.0,0.015509257030553118,,0.0,0.8717797887081347,0.758946638440411,1.0,0.0,0.6,,
132.0,51.0,0.9999999999999999,0.3214880287150827,,0.0,0.3898717737923585,0.26832815729997483,1.0,0.0,1.0,,
133.0,11.0,1.0,0.5860822711862316,-0.8964214570007952,0.0,0.37416573867739417,0.4732863826479693,1.0,0.0,0.8,,
134.0,11.0,0.9999999999999999,0.48259583399561645,,0.0,0.9230384607371461,0.8049844718999243,1.0,1.0,0.4,,
135.0,31.0,0.9999999999999999,0.032060587638285544,,0.0,0.4516635916254486,0.6131883886702356,0.0,0.0,0.4,,
136.0,31.0,1.0,0.28185793008312693,0.0827605888602369,0.0,0.3286335345030996,0.5585696017507578,1.0,0.0,0.8,,
137.0,41.0,0.7385335153303842,0.26725390269582805,-0.5316377438125638,0.03173720504948218,0.0603324125159934,0.1023718711365578,1.0,0.0,0.6,,
138.0,21.0,1.0,-0.007793910308036537,0.9299811099505543,0.0,0.6542170893518451,0.41952353926806063,1.0,0.0,0.8,,
139.0,41.0,1.0,0.09583204441125304,,0.0,0.5138093031466051,0.438178046004133,1.0,0.0,0.8,,
140.0,51.0,0.9999999999999998,-0.3243608900763357,0.48424799847909294,0.0,0.42426406871192845,0.3898717737923586,1.0,0.0,0.8,,
141.0,51.0,1.0,0.6082990646724736,-0.5819143739626462,0.0,0.6268971207462991,0.9497368056467013,1.0,0.0,0.2,,
142.0,21.0,1.0,0.1614780122286753,0.35909242322980395,0.0,0.8921883209278185,1.186591757935306,1.0,0.0,0.6,,
143.0,21.0,1.0,0.4454924107753778,-0.30588764516074896,0.0,0.6722202020171664,0.2607680962081059,1.0,0.0,1.0,,
144.0,51.0,1.0,0.3242027395054861,0.9101820546182063,0.0,0.360555127546399,0.6767569726275453,1.0,0.0,0.4,,
145.0,51.0,1.0,0.1469453871414541,-0.19457241052900592,0.0,0.8294576541331089,0.7266360849833979,1.0,0.0,0.6,,
146.0,21.0,1.0,-0.4167467871686411,-0.13187609467915734,0.0,0.6260990336999411,0.7694153624668538,0.0,0.0,0.2,,
147.0,21.0,1.0,-0.09920192758507783,-0.3390317518104052,0.0,0.9534149149242422,0.9391485505499116,1.0,1.0,0.4,,
148.0,21.0,1.0,0.6863935833747972,-0.04225771273642595,0.0,0.21908902300206642,0.322490309931942,1.0,1.0,0.8,,
149.0,31.0,0.9999999999999999,-0.18610555706336374,-8.276491764840869e-16,0.0,0.5263078946776307,0.6723094525588644,1.0,1.0,0.6,,
150.0,11.0,0.9999999999999997,-0.1851090242997163,0.07761505257063316,0.0,0.7266360849833979,0.8148619514985346,1.0,1.0,0.6,,
151.0,41.0,1.0,0.4391246235872629,-0.5745344379228124,0.0,0.6228964600958975,1.1278297743897348,1.0,0.0,0.6,,
152.0,51.0,0.9999999999999999,0.6445579284601494,-0.2166445612065605,0.0,0.529150262212918,1.0079682534683323,0.0,0.0,0.6,,
153.0,41.0,0.9999999999999999,-0.1546706108175311,-0.6123724356957945,0.0,0.4939635614091388,0.5291502622129182,1.0,0.0,1.0,,
154.0,11.0,0.9999999999999999,0.15844687091778,-0.3001225239993903,0.0,0.4898979485566356,0.6633249580710798,1.0,0.0,0.6,,
155.0,41.0,0.9999999999999999,0.47433911524657296,,0.0,0.42778499272414877,0.28635642126552713,1.0,0.0,1.0,,
156.0,41.0,0.9999999999999998,0.21217337495708352,-0.5473987486932373,0.0,0.5176871642217914,0.5513619500836089,1.0,0.0,0.8,,
157.0,41.0,0.9999999999999998,0.43262411347517743,0.6556100681071858,0.0,0.45166359162544856,0.8049844718999243,1.0,0.0,0.4,,
158.0,11.0,0.9999999999999999,-0.12964630332313615,,0.0,0.726636084983398,0.28284271247461906,1.0,1.0,0.8,,
159.0,31.0,1.0,-0.17215293974591836,-0.9750168689498874,0.0,0.7014271166700073,0.4560701700396552,1.0,0.0,0.8,,
160.0,31.0,0.9999999999999999,0.07601158400132738,0.2867800198469092,0.0,0.4053146925538229,0.31099839227880266,1.0,0.0,0.6,,
161.0,21.0,1.0,0.752667879302511,,0.0,0.4085094858139771,1.362967351039635,1.0,0.0,0.6,,
162.0,21.0,1.0,0.4565464333427671,-0.2773500981126146,0.0,0.5099019513592785,0.35777087639996635,1.0,1.0,1.0,,
163.0,11.0,1.0,-0.028309738819982104,0.2296662073347113,0.0,0.6172519744804387,0.6899275324264136,1.0,1.0,0.4,,
164.0,41.0,1.0,0.06446793027062996,0.7865665062071157,0.0,0.44271887242357305,0.37947331922020555,1.0,0.0,0.8,,
165.0,31.0,1.0,-0.1418422540615378,,0.0,1.019803902718557,1.3769531582446806,1.0,1.0,0.6,,
166.0,41.0,0.9999999999999999,0.10239593700982762,,0.0,0.24494897427831788,0.4195235392680607,1.0,0.0,0.4,,
167.0,41.0,0.9999999999999997,0.6575310444899808,,0.0,0.7099295739719539,0.565685424949238,1.0,0.0,0.8,,
168.0,31.0,0.9999999999999999,-0.09745521440276553,,0.0,0.4098780306383839,0.6131883886702357,0.0,0.0,0.6,,
169.0,41.0,0.9999999999999998,0.17969807336665275,-0.29880715233359834,0.0,0.5477225575051662,0.5138093031466052,1.0,0.0,0.6,,
170.0,11.0,0.9999999999999997,-0.1595952799353105,,0.0,0.43817804600413285,0.5215361924162121,1.0,1.0,0.6,,
171.0,51.0,1.0,0.302429189454567,0.13975424859373667,0.0,0.4516635916254486,0.37947331922020555,1.0,1.0,0.8,,
172.0,11.0,1.0,0.6683029681213487,0.8531251846271808,0.0,0.6131883886702356,0.551361950083609,1.0,0.0,0.4,,
173.0,51.0,1.0,0.5438329782846502,0.6454972243679027,0.0,0.4774934554525329,0.2966479394838267,1.0,0.0,1.0,,
174.0,41.0,1.0,0.19056370538569023,0.33220529851337455,0.0,0.7912016177940993,0.5639148871948675,1.0,1.0,0.8,,
175.0,11.0,1.0,-0.04961309039133243,0.6123724356957949,0.0,0.692820323027551,0.16124515496597094,1.0,0.0,1.0,,
176.0,21.0,1.0,0.22537049137511808,,0.0,0.6752777206453653,0.12649110640673514,1.0,0.0,1.0,,
177.0,31.0,0.9999999999999999,0.321713568001269,-0.36514837167011077,0.0,0.8988882021697693,0.409878030638384,1.0,0.0,1.0,,
178.0,21.0,1.0,-0.6546536707079772,0.3651483716701107,0.0,0.7155417527999328,0.5059644256269408,1.0,0.0,0.6,,
179.0,51.0,1.0,-0.0337090309838751,0.5592589407158037,0.0,0.6717439988567073,0.6870225614927068,1.0,0.0,0.8,,
180.0,41.0,1.0,0.5335511537766943,-0.9999999999999999,0.0,0.4690415759823429,1.6099689437998486,0.0,0.0,0.2,,
181.0,21.0,1.0,0.5649326828660322,0.37267799624996495,0.0,0.2683281572999748,0.3794733192202054,1.0,0.0,0.2,,
182.0,51.0,1.0,0.7563463738356202,0.02227177015936863,0.0,0.30331501776206204,0.6049793384901669,1.0,1.0,0.4,,
183.0,51.0,1.0,0.2521533558747389,-0.4909902530309828,0.0,0.498998997994986,0.483735464897913,1.0,0.0,1.0,,
184.0,11.0,1.0,0.4974946939384325,,0.0,0.47328638264796924,0.5291502622129182,1.0,0.0,1.0,,
185.0,11.0,0.9999999999999999,-0.14547859349066167,,0.0,0.6752777206453653,1.419859147943908,1.0,0.0,0.4,,
186.0,41.0,1.0,-0.1106670128664536,-0.8846517369293828,0.0,0.6082762530298219,0.7321202087089251,0.0,0.0,0.4,,
187.0,31.0,0.9999999999999998,0.2324887350147999,0.7637626158259734,0.0,0.3687817782917156,0.3346640106136304,1.0,0.0,0.6,,
188.0,21.0,1.0,-0.5565525430162277,-0.9432422182837985,0.0,0.9959919678390987,1.0000000000000002,1.0,1.0,0.2,,
189.0,21.0,0.9999999999999998,-0.22755204959542977,,0.0,0.7615773105863909,0.37947331922020544,1.0,0.0,1.0,,
190.0,21.0,1.0,0.2932348729802343,-0.6035098490754186,0.0,0.4289522117905443,0.4979959839195493,1.0,0.0,0.6,,
191.0,41.0,1.0,-0.21900939769578334,-0.09869275424396534,0.0,0.5440588203494178,0.7042726744663603,0.0,0.0,0.6,,
192.0,31.0,1.0,0.004378726924840429,0.6344412685745153,0.0,0.8763560920082658,0.5440588203494177,1.0,1.0,0.8,,
193.0,51.0,1.0,0.49838197750592256,-0.19611613513818404,0.0,0.40987803063838396,0.6572670690061994,1.0,0.0,0.8,,
194.0,11.0,1.0,0.24844459222705773,-0.2211629342323456,0.0,0.7925654547102088,0.7597894445173611,1.0,1.0,0.4,,
195.0,31.0,1.0,0.6219451929156644,0.24397501823713338,0.0,0.32199378875996976,0.7694153624668538,1.0,0.0,0.6,,
196.0,31.0,0.9999999999999999,-0.1106114711426385,-0.7201931413999583,0.0,0.7071067811865476,0.7848566748139434,1.0,0.0,0.4,,
197.0,31.0,0.9999999999999999,0.4952689000927036,0.2631806779839076,0.0,0.5176871642217915,0.644980619863884,0.0,0.0,0.8,,
198.0,41.0,1.0,-0.6361639411750567,,0.0,0.9011104260855048,0.2683281572999748,1.0,0.0,0.8,,
199.0,41.0,0.9999999999999999,0.6722176922617176,,0.0,0.5019960159204454,0.8944271909999159,1.0,1.0,0.8,,
200.0,51.0,0.9999999999999999,,,0.0,0.31622776601683794,1.0,0.0,0.0,0.0,,
201.0,41.0,1.0,-0.05991420677166876,0.04429366853006662,0.0,1.190865231669814,0.8955891915381738,1.0,0.0,0.8,,
202.0,51.0,1.0,-0.38331737017663103,,0.0,1.0318914671611545,0.21999999999999997,1.0,0.0,1.0,,
203.0,31.0,0.9999999999999999,-0.08838834764831839,-0.25908162356916203,0.0,0.3464101615137755,0.41713307229228425,1.0,1.0,0.8,,
204.0,51.0,1.0,0.10901165669462147,-0.22360679774997866,0.0,0.5366563145999496,0.6870225614927068,1.0,1.0,0.4,,
205.0,11.0,0.9999999999999999,0.7767030964544261,0.5419402061038374,0.0,0.48989794855663565,1.1798304963002102,1.0,0.0,0.4,,
206.0,51.0,1.0,-0.35012260454096694,-0.2328165368332088,0.0,1.0295630140987,0.7694153624668538,1.0,0.0,0.8,,
207.0,31.0,0.9999999999999999,-0.45059640517868654,0.5897678246195884,0.0,0.7974960814950754,1.49130815058458,1.0,1.0,0.2,,
208.0,21.0,1.0,-0.09914083043424568,,0.0,0.3224903099319419,0.3898717737923585,1.0,0.0,0.4,,
209.0,21.0,1.0,,0.2500000000000003,0.0,0.2529822128134704,0.39999999999999997,1.0,1.0,1.0,,
210.0,31.0,1.0,0.2675229312113111,0.36115755925730747,0.0,0.49396356140913883,0.4732863826479693,0.0,1.0,0.8,,
211.0,11.0,1.0,0.604707897906952,0.8040302522073697,0.0,0.41952353926806063,0.5585696017507576,1.0,1.0,0.4,,
212.0,51.0,0.9999999999999999,0.42075824723812366,0.13085598064755338,0.0,0.5403702434442518,0.8671793355471521,1.0,0.0,0.8,,
213.0,21.0,1.0,-0.3423252994807323,0.9759000729485332,0.0,0.6151747719144536,0.46475800154489,1.0,0.0,0.6,,
214.0,11.0,1.0,0.12422779416986182,0.2721655269759086,0.0,0.6899275324264137,0.8485281374238571,1.0,1.0,0.4,,
215.0,41.0,0.9999999999999999,0.38586617749059826,-0.6006056638606886,0.0,0.5347896782848376,1.2529964086141667,0.0,0.0,0.6,,
216.0,21.0,0.9999999999999999,0.26267728071566976,,0.0,0.46475800154489,0.2828427124746191,1.0,0.0,1.0,,
217.0,51.0,1.0,0.18153004539707493,3.040470972244057e-17,0.0,0.4647580015448901,0.48989794855663565,1.0,0.0,0.8,,
218.0,41.0,0.9999999999999999,-0.4009452082393375,-0.32025630761017443,0.0,0.7615773105863908,0.32249030993194205,1.0,0.0,1.0,,
219.0,41.0,0.9999999999999999,-0.051136614565614844,-0.23084512921915967,0.0,0.9230384607371461,1.0315037566582101,1.0,1.0,0.6,,
220.0,41.0,1.0,0.5295975854216783,-0.10206207261596574,0.0,0.3898717737923586,0.7848566748139434,1.0,0.0,0.2,,
221.0,11.0,1.0,0.24556188745465957,-0.06710635266335585,0.0,0.749319691453521,0.7486521221502013,0.0,0.0,0.8,,
222.0,51.0,0.9999999999999999,0.2703251245238334,0.7587694693781872,0.0,0.6947805408904312,0.9324805628001047,1.0,0.0,0.6,,
223.0,51.0,1.0,0.577014650037779,-0.32025630761017404,0.0,0.4483302354291979,0.32249030993194194,1.0,0.0,1.0,,
224.0,31.0,1.0,0.04273618958426966,,0.0,0.7589466384404111,0.867179335547152,0.0,0.0,0.4,,
225.0,11.0,1.0,0.7614886973152003,-0.19611613513818424,0.0,0.43358966777357605,0.28284271247461895,1.0,0.0,0.8,,
226.0,11.0,1.0,0.13926816455184085,0.43857104684804277,0.0,0.30548322376196047,0.39989998749687405,1.0,0.0,0.4,,
227.0,51.0,1.0,0.2685068560196682,-0.1720618004029212,0.0,0.08124038404635955,0.046475800154488996,1.0,0.0,1.0,,
228.0,21.0,1.0,0.02274032762680815,-0.40824829046386285,0.0,0.46043457732885357,0.5272570530585629,1.0,1.0,0.4,,
229.0,51.0,0.9999999999999999,-0.06189844605901724,,0.0,0.5796550698475775,0.967470929795826,1.0,0.0,0.2,,
230.0,31.0,0.9999999999999996,0.23875114908478093,-0.04902903378454583,0.0,0.2898275349237887,0.3577708763999663,1.0,1.0,0.4,,
231.0,31.0,1.0,,0.12009611535381533,0.0,0.9838699100999075,1.1832159566199232,1.0,1.0,0.6,,
232.0,11.0,1.0,0.653358607776565,,0.0,0.322490309931942,0.5865151319446071,1.0,0.0,0.6,,
233.0,11.0,0.9999999999999998,-0.21596710639534006,-0.7929015875153316,0.0,0.7224956747275377,0.6140358295734868,1.0,0.0,0.8,,
234.0,51.0,1.0,-0.05267537169848743,-0.40824829046386313,0.0,0.49396356140913883,0.6870225614927068,1.0,0.0,0.4,,
235.0,11.0,1.0,0.028128501484466942,-0.04319342127906804,0.0,0.6593633292806023,0.6196773353931868,1.0,1.0,0.6,,
236.0,11.0,1.0,0.6906139726260446,0.4307325325062345,0.0,0.5253570214625479,0.9674709297958259,1.0,1.0,0.4,,
237.0,51.0,1.0,0.23811727782851633,,0.0,0.6,0.8294576541331089,1.0,1.0,0.6,,
238.0,31.0,1.0,0.4260438924494813,0.61360086709227,0.0,0.39678709656439176,0.6870225614927067,1.0,0.0,0.4,,
239.0,21.0,1.0,0.17487340036763674,-0.21128856368212895,0.0,0.5019960159204454,0.4000000000000001,1.0,0.0,0.8,,
240.0,21.0,1.0,0.29984961114478137,0.6820602506868513,0.0,0.529150262212918,0.644980619863884,1.0,0.0,0.6,,
241.0,51.0,1.0,-0.4987228925101659,0.6910233190806423,0.0,0.49799598391954936,0.6387487769068525,1.0,0.0,0.6,,
242.0,51.0,1.0,0.26124846093663273,,0.0,0.6899275324264137,0.4898979485566356,1.0,0.0,0.8,,
243.0,31.0,0.9999999999999999,0.7071067811865475,0.6123724356957942,0.0,0.24494897427831783,0.5059644256269407,1.0,0.0,0.8,,
244.0,21.0,1.0,0.21821789023599228,,0.0,0.1673320053068151,0.29664793948382656,1.0,0.0,0.6,,
245.0,51.0,0.9999999999999999,0.15764508238040278,-0.13874084313029644,0.0,0.6141986649285391,0.357211421989835,1.0,0.0,1.0,,
246.0,21.0,1.0,0.37845629426218647,0.21821789023599208,0.0,0.4,0.5440588203494178,1.0,0.0,0.6,,
247.0,41.0,1.0,-0.11208068543126697,-0.408248290463863,0.0,0.593295878967653,0.9252026804976301,1.0,0.0,0.6,,
248.0,31.0,1.0,0.7546858066166549,-0.23249527748763862,0.0,0.38470768123342686,0.6633249580710802,1.0,0.0,0.8,,
249.0,21.0,0.9999999999999998,0.868555409632965,,0.0,0.2366431913239846,0.21908902300206648,1.0,0.0,1.0,,
250.0,31.0,0.9999999999999996,0.34065367114071193,-0.38254602783800296,0.0,0.5558776843874919,0.7758865896508329,1.0,0.0,0.6,,
251.0,41.0,1.0,0.3322456159527278,-0.5270462766947299,0.0,0.5059644256269407,0.38987177379235854,1.0,0.0,1.0,,
252.0,21.0,0.9999999999999999,0.1537047418174627,0.408248290463863,0.0,0.6899275324264137,0.28284271247461906,1.0,0.0,1.0,,
253.0,31.0,1.0,0.6156111799494584,-0.5976143046671967,0.0,0.5692099788303083,1.0353743284435828,1.0,1.0,0.8,,
254.0,11.0,0.9999999999999999,-0.4387411709397892,-0.9299811099505543,0.0,0.6978538528947161,1.0844353369380768,1.0,1.0,0.2,,
255.0,41.0,1.0,-0.32732683535398865,-0.5833333333333334,0.0,0.5477225575051662,1.0276186062932102,1.0,1.0,0.6,,
256.0,41.0,1.0,0.10272714024554719,-0.8500965425266166,0.0,0.27386127875258304,0.2190890230020664,1.0,0.0,0.8,,
257.0,11.0,0.9999999999999998,0.4157049982467664,0.7385489458759964,0.0,0.5403702434442518,0.9033271832508972,1.0,0.0,0.2,,
258.0,11.0,0.9999999999999997,-0.2306818884826111,,0.0,0.3346640106136303,0.5291502622129183,1.0,0.0,0.0,,
259.0,21.0,0.9999999999999999,0.5365459149650261,,0.0,0.07694153624668539,0.9736118323027919,1.0,0.0,0.2,,
260.0,31.0,1.0,-0.2391253967462437,-0.5345224838248487,0.0,0.36878177829171555,0.3464101615137755,1.0,0.0,0.6,,
261.0,41.0,0.9999999999999999,-0.5746441736261597,0.24999999999999992,0.0,0.9528903399657277,0.6693280212272605,1.0,0.0,0.6,,
262.0,51.0,0.9999999999999998,0.047619047619047554,-0.08574929257125496,0.0,0.20248456731316586,0.2489979919597747,1.0,0.0,1.0,,
263.0,21.0,1.0,0.5274645674563616,-0.19881069312188637,0.0,0.5907622195096771,0.5019960159204453,1.0,1.0,0.8,,
264.0,51.0,0.9999999999999999,0.1905683867191894,-0.40919396764125016,0.0,0.7307530362578044,0.7720103626247512,1.0,0.0,0.6,,
265.0,51.0,1.0,0.2763660024085057,0.5661385170722979,0.0,0.38470768123342697,0.709929573971954,1.0,0.0,0.6,,
266.0,11.0,1.0,-0.49767412130932287,,0.0,0.3898717737923585,0.7641989269817121,1.0,0.0,0.0,,
267.0,41.0,1.0,-0.05263157894736844,,0.0,0.4049691346263319,0.25298221281347033,1.0,1.0,0.8,,
268.0,21.0,1.0,0.23159177829329283,-0.4225771273642581,0.0,0.2607680962081059,0.2366431913239846,1.0,0.0,1.0,,
269.0,51.0,1.0,-0.002523925051825854,-0.592223062147875,0.0,0.7042726744663603,0.764198926981712,0.0,1.0,0.8,,
270.0,11.0,0.9999999999999998,0.10994797943424556,0.3867893456604386,0.0,0.6854195795277517,0.32037478053055296,1.0,0.0,1.0,,
271.0,41.0,1.0,-0.16051447078102568,0.5417363388859613,0.0,0.529150262212918,0.6985699678629195,1.0,1.0,0.4,,
272.0,11.0,1.0,-0.128036879932896,0.6504436355879906,0.0,1.2649110640673518,0.8099382692526635,1.0,0.0,0.8,,
273.0,21.0,1.0,0.007955321095073114,-0.8807048459279793,0.0,0.34641016151377546,0.39425879825312704,1.0,0.0,0.4,,
274.0,21.0,0.9999999999999998,0.8007258782762944,,0.0,0.3464101615137755,0.6633249580710798,1.0,1.0,0.4,,
275.0,31.0,1.0,-0.04138816964085294,0.42817441928883754,0.0,0.4979959839195493,0.3464101615137755,1.0,1.0,1.0,,
276.0,11.0,1.0,0.5631118719584293,0.1286239388568823,0.0,0.1569713349627887,0.1477836256152894,1.0,0.0,1.0,,
277.0,31.0,0.9999999999999998,0.14631038182147624,0.0,0.0,0.322490309931942,0.4289522117905444,1.0,0.0,0.6,,
278.0,11.0,0.9999999999999999,0.09796652837824088,-0.6123724356957946,0.0,0.4049691346263317,0.8426149773176359,1.0,0.0,0.0,,
279.0,51.0,0.9999999999999999,0.21300167600240255,0.26413527189768715,0.0,0.5899152481501051,0.8763560920082658,1.0,0.0,0.2,,
280.0,51.0,1.0,-0.0596301153652443,,0.0,1.1523888232710346,1.1661903789690602,0.0,0.0,0.4,,
281.0,11.0,1.0,0.6958146244375553,-0.15655607277128727,0.0,0.21213203435596428,0.40496913462633166,1.0,1.0,0.6,,
282.0,51.0,1.0,-0.683144268574429,0.5091750772173156,0.0,0.7848566748139434,0.6928203230275508,1.0,1.0,0.6,,
283.0,31.0,1.0,0.13789824450619104,0.06419407387663649,0.0,0.5329165037789692,0.7589466384404111,0.0,0.0,0.6,,
284.0,11.0,0.9999999999999999,-0.1250305287585452,,0.0,0.46043457732885357,0.737563556583431,1.0,0.0,0.4,,
285.0,41.0,1.0,0.38250622697145015,,0.0,0.6480740698407861,0.7899367063252601,1.0,0.0,0.8,,
286.0,11.0,1.0,0.12372842388687491,-0.196116135138184,0.0,0.5865151319446071,1.0392304845413263,1.0,0.0,0.2,,
287.0,11.0,0.9999999999999998,0.30808190438230465,,0.0,0.7042726744663603,0.8148619514985346,1.0,1.0,0.4,,
288.0,21.0,1.0,0.6616301276589486,-0.8209989486282235,0.0,0.3591656999213595,0.38429155598321446,1.0,0.0,0.8,,
289.0,51.0,0.9999999999999999,0.39690500715706467,0.07873622236652342,0.0,0.5788955000688811,0.7782030583337488,1.0,1.0,0.8,,
290.0,51.0,1.0,0.6378691202217872,0.8749999999999999,0.0,0.4381780460041329,0.7042726744663604,1.0,0.0,0.4,,
291.0,31.0,1.0,-0.21653454738445882,,0.0,0.5549774770204643,0.726636084983398,1.0,0.0,0.6,,
292.0,21.0,1.0,-0.015978935891919555,-0.3429971702850176,0.0,0.4560701700396552,0.6131883886702357,1.0,0.0,0.4,,
293.0,31.0,1.0,0.4676195420085342,-0.25,0.0,0.5440588203494178,0.5513619500836088,1.0,0.0,1.0,,
294.0,51.0,1.0,-0.03757168942720635,0.6660070576532068,0.0,0.4857983120596447,0.3714835124201343,1.0,0.0,0.8,,
295.0,21.0,1.0,0.716571613610583,-0.17960530202677483,0.0,0.41952353926806063,0.6752777206453653,1.0,0.0,0.6,,
296.0,21.0,0.9999999999999997,-0.3118047822311617,,0.0,0.7797435475847171,0.17888543819998323,1.0,0.0,1.0,,
297.0,51.0,1.0,0.19664443226364064,0.08574929257125469,0.0,0.4381780460041329,0.7758865896508329,1.0,0.0,0.6,,
298.0,21.0,1.0,-0.19127952068490248,,0.0,0.5718391382198319,0.46690470119715016,1.0,1.0,0.8,,
299.0,21.0,1.0,0.2655213009915585,-0.4361783721449793,0.0,0.43474130238568315,0.726636084983398,1.0,0.0,0.2,,
300.0,11.0,1.0,0.3175672901797784,,0.0,0.30983866769659335,0.3924283374069717,1.0,0.0,0.2,,
301.0,51.0,1.0,0.5312392813403508,,0.0,0.39999999999999997,0.36878177829171543,1.0,0.0,1.0,,
302.0,41.0,0.9999999999999999,0.44604972780712177,0.9244734516419051,0.0,0.4289522117905443,0.66332495807108,1.0,0.0,0.8,,
303.0,31.0,1.0,0.34992431600454355,-0.328444931703364,0.0,0.6822316322188527,0.5912021650839921,1.0,0.0,0.8,,
304.0,11.0,0.9999999999999999,-0.24834731812909389,,0.0,1.014889156509222,1.472412985544477,1.0,1.0,0.0,,
305.0,11.0,1.0,0.9416839165202968,0.9101820546182063,0.0,0.46043457732885357,0.38987177379235866,1.0,0.0,1.0,,
306.0,51.0,1.0,-0.2650251572999664,0.9196819982872168,0.0,0.6224467848740163,1.1099549540409288,1.0,0.0,0.6,,
307.0,41.0,0.9999999999999998,0.554940066591565,-0.10206207261596577,0.0,0.5224940191045253,0.9121403400793103,1.0,0.0,0.8,,
308.0,11.0,0.9999999999999998,0.37511775654802526,0.2535462764185546,0.0,0.37416573867739417,0.21908902300206656,1.0,0.0,1.0,,
309.0,41.0,0.9999999999999998,0.8016641689428867,,0.0,0.3346640106136302,0.7797435475847172,1.0,0.0,0.6,,
310.0,11.0,1.0,0.484203237806697,,0.0,0.35213633723318016,0.34641016151377557,1.0,0.0,1.0,,
311.0,31.0,0.9999999999999999,-0.07681154837998042,,0.0,0.4878524367060187,0.0632455532033675,1.0,0.0,1.0,,
312.0,21.0,1.0,-0.13332486853103082,,0.0,0.7183313998427188,0.7745966692414834,1.0,1.0,0.4,,
313.0,41.0,0.9999999999999999,0.22707915254785577,,0.0,0.4878524367060188,0.644980619863884,1.0,0.0,0.6,,
314.0,11.0,0.9999999999999999,0.3980148760839956,,0.0,0.2898275349237888,0.40987803063838396,1.0,1.0,0.6,,
315.0,11.0,1.0,0.5859873956715949,,0.0,0.3141973901864877,0.19899748742132412,1.0,0.0,1.0,,
316.0,41.0,0.9999999999999998,0.1038319705476631,-0.32732683535398865,0.0,0.5513619500836089,0.9077444574328171,1.0,0.0,0.8,,
317.0,21.0,1.0,-0.6389381915774595,-0.6338656910463872,0.0,0.6899275324264137,0.6,1.0,0.0,0.8,,
318.0,51.0,0.9999999999999998,0.15834926035825816,,0.0,0.5830951894845301,0.3898717737923585,1.0,0.0,1.0,,
319.0,11.0,1.0,-0.19024421815838966,-0.3110463165438957,0.0,0.905405986284606,0.9919677414109795,1.0,0.0,0.6,,
320.0,51.0,0.9999999999999999,-0.34151450937027694,,0.0,0.43817804600413285,0.5932958789676531,1.0,0.0,0.6,,
321.0,51.0,1.0,-0.022341697396296156,0.19245008972987546,0.0,0.43817804600413285,0.5138093031466051,1.0,0.0,1.0,,
322.0,11.0,1.0,0.1876505660135321,0.5424508028966484,0.0,0.6,0.7694153624668538,1.0,0.0,0.6,,
323.0,11.0,1.0,0.3774147062120344,,0.0,0.27568097504180444,0.21908902300206656,1.0,0.0,0.8,,
324.0,21.0,0.9999999999999999,0.14597610786114862,-0.9610744623271417,0.0,0.3211853047696921,0.27378823933836166,1.0,0.0,0.8,,
325.0,51.0,1.0,-0.013118209497091115,,0.0,0.3521363372331802,0.565685424949238,1.0,0.0,0.6,,
326.0,31.0,1.0,0.07245926564907165,0.03200921998322397,0.0,0.6066300355241241,0.8246211251235321,1.0,0.0,0.6,,
327.0,51.0,0.9999999999999999,0.645737782629983,0.6123724356957945,0.0,0.34058772731852804,0.6985699678629192,1.0,0.0,0.4,,
328.0,31.0,1.0,0.37935315584675805,-0.3429971702850175,0.0,0.529150262212918,0.9121403400793104,1.0,0.0,0.8,,
329.0,21.0,0.9999999999999998,0.0779681175585451,0.416526080700374,0.0,0.4774934554525329,0.7321202087089251,1.0,0.0,0.4,,
330.0,31.0,1.0,0.05462979702609758,0.9211323729436767,0.0,0.5099019513592785,0.692820323027551,1.0,0.0,0.6,,
331.0,21.0,1.0,0.05153342651475608,-0.4231139606876774,0.0,0.46690470119715016,0.3924283374069717,1.0,0.0,0.8,,
332.0,11.0,1.0,0.06103431074507446,0.503437154625992,0.0,0.6814983492276413,0.6743886120034948,0.0,0.0,0.4,,
333.0,51.0,1.0,0.24960235381223425,,0.0,0.521536192416212,0.47328638264796924,1.0,0.0,0.8,,
334.0,21.0,0.9999999999999997,-0.45052827529860534,-3.9252311467094363e-16,0.0,0.6511528238439883,0.23664319132398462,1.0,0.0,1.0,,
335.0,41.0,1.0,-0.3606599707012716,-0.1306244075320678,0.0,0.5898474379023783,0.5666745097496446,1.0,0.0,0.8,,
336.0,21.0,0.9999999999999999,0.3647783835353657,,0.0,0.5897796198581298,0.7536577472566709,1.0,1.0,0.6,,
337.0,11.0,0.9999999999999999,0.2700135010125845,0.5345224838248488,0.0,0.4335896677735761,0.4195235392680607,1.0,1.0,0.4,,
338.0,41.0,0.9999999999999997,0.9214755422472544,-0.39911406314264364,0.0,0.260768096208106,0.9208691546577071,1.0,0.0,0.6,,
339.0,51.0,1.0,0.8300642279465826,0.9750168689498874,0.0,0.34058772731852804,0.5513619500836088,0.0,0.0,0.8,,
340.0,51.0,1.0,0.0979782933982663,0.06174732701266796,0.0,0.7221911104409967,0.9268441077117553,0.0,0.0,0.4,,
341.0,41.0,0.9999999999999999,0.13055824196677335,,0.0,0.48989794855663554,0.5215361924162121,1.0,0.0,0.6,,
342.0,41.0,1.0,0.1077176019902058,-0.14583052027172538,0.0,0.6164414002968976,0.848528137423857,1.0,1.0,0.8,,
343.0,21.0,1.0,-0.11300044639933954,0.45643546458763773,0.0,0.08485281374238568,0.13023056476879763,1.0,0.0,0.2,,
344.0,41.0,0.9999999999999999,0.46625240412015695,,0.0,0.2607680962081059,0.41952353926806063,1.0,0.0,0.4,,
345.0,51.0,1.0,-0.19837361482256372,-0.2274294130736711,0.0,1.0079682534683323,0.8148619514985346,1.0,0.0,0.8,,
346.0,21.0,1.0,0.018377261547332432,,0.0,0.5138093031466052,0.15491933384829662,1.0,0.0,1.0,,
347.0,41.0,1.0,0.21407297784146997,,0.0,0.8252272414311101,1.0353743284435828,1.0,0.0,0.6,,
348.0,11.0,0.9999999999999999,0.4935759919469105,,0.0,0.4472135954999579,0.6260990336999409,1.0,0.0,0.4,,
349.0,41.0,0.9999999999999999,0.23817116076305792,-0.08908708063747466,0.0,0.5727128425310541,0.3286335345030996,1.0,0.0,1.0,,
350.0,31.0,0.9999999999999997,-0.3011515671754994,0.10112997936948628,0.0,0.7668115805072325,1.0276186062932107,1.0,0.0,0.8,,
351.0,21.0,1.0,-0.39011241733770186,0.27216552697590873,0.0,0.589915248150105,0.49799598391954936,1.0,1.0,0.6,,
352.0,41.0,0.9999999999999999,-0.5063657737623619,,0.0,0.8763560920082658,0.7694153624668538,1.0,0.0,0.6,,
353.0,31.0,1.0,0.31891258600943506,-0.03268602252303064,0.0,0.7720103626247513,1.1558546621439911,1.0,0.0,0.6,,
354.0,41.0,0.9999999999999999,0.19489846877093886,,0.0,0.6811754546370561,0.46475800154488994,1.0,0.0,0.8,,
355.0,11.0,1.0,0.24479359908077566,-0.34299717028501764,0.0,0.5692099788303082,0.9208691546577071,1.0,0.0,0.2,,
356.0,21.0,1.0,0.1866867443401321,,0.0,0.9757048734120375,0.9208691546577071,1.0,1.0,0.6,,
357.0,21.0,1.0,0.6475654681309204,,0.0,0.2607680962081059,0.409878030638384,1.0,0.0,0.8,,
358.0,41.0,0.9999999999999999,0.5139893647515946,0.5056498968474316,0.0,0.4381780460041329,0.6811754546370561,1.0,0.0,0.8,,
359.0,21.0,0.9999999999999999,0.41137667560372115,,0.0,0.37416573867739417,0.17888543819998323,1.0,0.0,1.0,,
360.0,51.0,1.0,-0.021437323142813672,,0.0,0.551361950083609,0.5440588203494178,1.0,0.0,0.6,,
361.0,11.0,1.0,0.38056914104234224,0.66284898035987,0.0,0.593295878967653,0.48989794855663565,1.0,0.0,0.6,,
362.0,41.0,1.0,0.06216630531399658,0.12126781251816647,0.0,0.8105553651663778,0.7912016177940994,1.0,0.0,0.8,,
363.0,41.0,1.0,0.2638224265055431,-0.9070371250141012,0.0,0.5585696017507576,0.8197560612767678,1.0,0.0,0.8,,
364.0,41.0,1.0,0.6749469636193953,,0.0,0.32863353450309973,0.7483314773547883,1.0,0.0,0.4,,
365.0,21.0,0.9999999999999999,-0.03405223533019972,-0.8528028654224418,0.0,0.5366563145999496,0.7745966692414834,0.0,0.0,0.4,,
366.0,11.0,1.0,0.03096900521307508,-0.408248290463863,0.0,0.4195235392680605,0.2683281572999749,1.0,0.0,1.0,,
367.0,51.0,0.9999999999999998,0.2321551956507795,,0.0,0.5865151319446072,0.2966479394838265,1.0,0.0,0.8,,
368.0,41.0,0.9999999999999999,0.06111351645415147,-0.12172824303015682,0.0,0.6299841267841595,0.7339209766725571,1.0,0.0,0.8,,
369.0,21.0,0.9999999999999999,0.014406270973988866,,0.0,0.4560701700396552,0.3820994634908561,1.0,1.0,0.8,,
370.0,31.0,0.9999999999999999,0.6693419514856723,1.0,0.0,0.39496835316262996,0.40987803063838396,1.0,0.0,1.0,,
371.0,31.0,1.0,-0.2004459314343183,0.6123724356957946,0.0,0.36878177829171543,0.5656854249492381,1.0,0.0,0.8,,
372.0,51.0,1.0,-0.2440791567458096,0.08574929257125442,0.0,0.8342661445845685,0.8246211251235321,1.0,0.0,0.8,,
373.0,11.0,1.0,0.3111303172790531,0.4151390436129983,0.0,0.4516635916254486,0.9252026804976301,1.0,1.0,0.2,,
374.0,51.0,1.0,0.5897678246195885,0.2182178902359924,0.0,0.282842712474619,0.593295878967653,1.0,0.0,0.8,,
375.0,51.0,0.9999999999999999,-0.11875498156922829,-0.10265788662437327,0.0,0.8774964387392121,1.1610340218959994,1.0,0.0,0.4,,
376.0,31.0,0.9999999999999999,0.0397687760403236,,0.0,0.396232255123179,0.322490309931942,1.0,1.0,0.8,,
377.0,41.0,1.0,0.03518805484123002,0.2795084971874739,0.0,0.3963836525387998,0.38209946349085605,1.0,1.0,0.8,,
378.0,11.0,0.9999999999999999,-0.28293118237233605,-0.050251890762961826,0.0,0.8305660720255794,1.2641202474448388,1.0,0.0,0.4,,
379.0,31.0,1.0,0.5916745454409355,-0.8067842963896241,0.0,0.5403702434442518,1.3114877048604001,1.0,0.0,0.2,,
380.0,21.0,1.0,0.3307395857531995,-0.9816160794855358,0.0,0.5440588203494178,1.0276186062932104,1.0,0.0,0.6,,
381.0,41.0,1.0,0.2528955206367926,-0.09869275424396556,0.0,0.6164414002968976,0.6066300355241241,1.0,1.0,0.6,,
382.0,51.0,1.0,-0.029411764705882363,-0.5212466913156834,0.0,0.4098780306383839,0.7949842765740717,1.0,0.0,0.6,,
383.0,51.0,0.9999999999999999,-0.08316168879819441,-0.08574929257125456,0.0,0.5585696017507576,0.47328638264796935,1.0,0.0,0.6,,
384.0,31.0,0.9999999999999996,0.2662737517928771,,0.0,0.5513619500836089,0.6324555320336759,1.0,0.0,0.8,,
385.0,21.0,1.0,-0.14035087719298245,-0.24999999999999933,0.0,0.644980619863884,0.7848566748139433,1.0,0.0,0.6,,
386.0,41.0,1.0,-0.13732538142559123,0.35075786100109785,0.0,0.8342661445845684,1.120714058089752,1.0,0.0,0.2,,
387.0,41.0,1.0,0.3489836112123038,0.5270462766947298,0.0,0.3577708763999664,0.5513619500836088,1.0,0.0,0.8,,
388.0,31.0,0.9999999999999999,0.5842648901375038,0.25,0.0,0.5253570214625479,0.3346640106136303,1.0,1.0,1.0,,
389.0,21.0,1.0,0.3123472038720898,-0.2236067977499791,0.0,0.6324555320336759,0.17888543819998323,1.0,0.0,1.0,,
390.0,31.0,0.9999999999999999,0.18171094607790772,0.18898223650461365,0.0,0.5865151319446074,1.289961239727768,1.0,1.0,0.6,,
391.0,31.0,1.0,0.6646717124015029,,0.0,0.3794733192202055,0.5585696017507576,1.0,0.0,0.8,,
392.0,21.0,0.9999999999999999,0.30392403714486466,,0.0,1.0021177575514766,1.3834160617832947,1.0,0.0,0.0,,
393.0,41.0,1.0,-0.10594028769395465,-0.1961161351381837,0.0,0.41472882706655434,0.6633249580710798,1.0,0.0,0.4,,
394.0,21.0,1.0,-0.10754039678374955,,0.0,0.7536577472566709,0.7429670248402686,1.0,0.0,0.8,,
395.0,11.0,1.0,0.6060188219754246,-0.6864064729836441,0.0,0.3794733192202055,0.692820323027551,1.0,0.0,0.2,,
396.0,11.0,0.9999999999999998,0.31937923114860123,0.11952286093343936,0.0,0.5099019513592785,0.2190890230020664,1.0,0.0,0.8,,
397.0,31.0,0.9999999999999998,0.30283981990771813,0.7453559924999299,0.0,0.4312771730569565,0.5440588203494179,0.0,0.0,0.4,,
398.0,51.0,1.0,0.30316953129541624,0.918558653543692,0.0,0.6066300355241241,0.5440588203494178,1.0,0.0,0.8,,
399.0,11.0,1.0,0.6910820064381952,,0.0,0.32249030993194194,0.7949842765740717,1.0,1.0,0.6,,
400.0,41.0,0.9999999999999999,0.3240617072241426,-0.08276058886023668,0.0,0.565685424949238,0.681175454637056,1.0,0.0,1.0,,
401.0,11.0,1.0,0.06437316112248306,,0.0,0.5513619500836088,0.5234500931320961,1.0,0.0,1.0,,
402.0,21.0,1.0,0.5029771847499669,0.21538744758532133,0.0,0.3741657386773941,0.6648308055437865,1.0,0.0,0.6,,
403.0,11.0,0.9999999999999999,0.2627990127356858,0.4082482904638631,0.0,0.5403702434442518,0.8899438184514795,1.0,0.0,0.4,,
404.0,41.0,1.0,-0.30174873642981187,0.36514837167011066,0.0,0.38470768123342697,0.7266360849833979,1.0,0.0,0.0,,
405.0,21.0,0.9999999999999999,0.3736031984664983,0.38874079151161217,0.0,0.406201920231798,0.21908902300206642,1.0,1.0,1.0,,
406.0,51.0,1.0,0.5813499595491303,-0.33541019662496857,0.0,0.4732863826479693,0.4000000000000001,1.0,0.0,0.8,,
407.0,11.0,0.9999999999999998,-0.1305961057887946,-0.8214285714285713,0.0,0.49799598391954936,0.8148619514985346,0.0,0.0,0.6,,
408.0,21.0,1.0,0.6474982515363815,-0.4522670168666455,0.0,0.433589667773576,0.848528137423857,1.0,0.0,0.8,,
409.0,51.0,1.0,0.7024427581404732,0.35245672053259125,0.0,0.38522720568516444,0.6216751563316649,1.0,0.0,0.6,,
410.0,51.0,1.0,-0.249191439603738,-0.36514837167011077,0.0,0.33466401061363027,0.29664793948382645,0.0,0.0,0.6,,
411.0,31.0,0.9999999999999999,-0.05810050500902333,0.39477101697586137,0.0,0.8555699854482975,0.8579044235810888,1.0,1.0,0.6,,
412.0,11.0,1.0,0.5165620032036018,0.4345003572748547,0.0,0.570087712549569,0.3741657386773942,1.0,0.0,0.8,,
413.0,31.0,1.0,-0.5071505162084871,-0.375,0.0,0.6899275324264137,1.0733126291998991,0.0,0.0,0.8,,
414.0,51.0,1.0,-0.1277753129999881,,0.0,0.3847076812334269,0.28284271247461895,1.0,0.0,0.8,,
415.0,11.0,0.9999999999999998,0.3709992580022259,,0.0,0.565685424949238,0.4195235392680607,1.0,0.0,0.8,,
416.0,31.0,1.0,0.268840552164305,,0.0,0.5932958789676531,0.6387487769068525,1.0,0.0,0.4,,
417.0,21.0,1.0,0.14164089291646853,-0.2389698704539373,0.0,0.388587184554509,0.5099019513592784,1.0,1.0,0.6,,
418.0,41.0,0.9999999999999997,-0.5982062078820144,0.6666666666666667,0.0,0.5890670590009257,0.6942621983083913,1.0,1.0,0.4,,
419.0,11.0,1.0,0.08006407690254351,6.542051911182395e-17,0.0,0.7348469228349535,0.709929573971954,1.0,1.0,0.6,,
420.0,21.0,1.0,0.1416333764911963,0.5222329678670935,0.0,0.4516635916254486,0.5656854249492381,1.0,0.0,0.8,,
421.0,31.0,0.9999999999999999,0.1744303972616121,-0.35355339059327373,0.0,0.5291502622129182,0.5440588203494178,1.0,1.0,0.8,,
422.0,11.0,1.0,-0.009823059488179055,,0.0,0.74027022093287,0.21908902300206656,1.0,0.0,0.8,,
423.0,11.0,1.0,-0.09952886082573624,0.06231769528497558,0.0,0.8124038404635961,0.8899438184514796,1.0,0.0,0.8,,
424.0,21.0,1.0,-0.1902412376416344,-0.2566324512873682,0.0,1.1696153213770757,0.8579044235810888,1.0,0.0,0.6,,
425.0,21.0,1.0,-0.14966451130378247,,0.0,0.4948130960271767,0.6693280212272605,0.0,1.0,0.2,,
426.0,51.0,1.0,-0.33986011596397697,-0.36115755925730747,0.0,0.9055385138137416,1.3091982279242513,0.0,0.0,0.0,,
427.0,51.0,0.9999999999999999,-0.059734769108949884,0.2934284587709016,0.0,0.5630275304103699,0.5079370039680118,1.0,0.0,0.8,,
428.0,51.0,1.0,-0.22120990123880702,0.6542799032377674,0.0,0.6752777206453653,0.6633249580710799,1.0,0.0,0.6,,
429.0,41.0,0.9999999999999999,0.6283278094092086,-0.5528757923720704,0.0,0.3464101615137755,0.5865151319446072,1.0,1.0,0.6,,
430.0,41.0,1.0,0.0919133789039978,,0.0,0.3687817782917155,0.6066300355241241,0.0,0.0,0.4,,
431.0,31.0,1.0,0.13640768004436993,-0.25,0.0,0.4774934554525329,0.16124515496597114,1.0,1.0,1.0,,
432.0,11.0,1.0,0.352848442359479,,0.0,0.44271887242357305,0.7949842765740718,1.0,0.0,0.0,,
433.0,21.0,1.0,0.5944752150664131,0.04225771273642574,0.0,0.2366431913239846,0.34928498393145957,1.0,0.0,0.8,,
434.0,31.0,1.0,0.15215593726962273,,0.0,0.363318042491699,0.709929573971954,1.0,0.0,0.2,,
435.0,41.0,1.0,0.41233496180210827,,0.0,0.34641016151377546,0.4647580015448899,1.0,0.0,0.4,,
436.0,31.0,0.9999999999999998,0.34634648007603785,,0.0,0.850881895447306,0.9121403400793106,1.0,0.0,0.2,,
437.0,31.0,1.0,0.30443733481817087,,0.0,0.5128352561983234,0.4003998001997504,1.0,0.0,0.8,,
438.0,21.0,0.9999999999999999,0.1954247114765252,,0.0,0.4774934554525329,0.3794733192202055,1.0,0.0,1.0,,
439.0,11.0,1.0,0.5878784273097348,,0.0,0.4098780306383839,0.551361950083609,1.0,1.0,0.4,,
440.0,11.0,0.9999999999999999,0.22382715213543036,-0.5198168724063537,0.0,0.6,0.8854377448471463,0.0,0.0,0.6,,
441.0,51.0,1.0,0.5618537809797082,-0.49099025303098287,0.0,0.3577708763999664,0.66332495807108,1.0,0.0,0.8,,
442.0,21.0,1.0,0.5261607028836998,-0.30429030972509197,0.0,0.2144761058952722,0.3660601043544625,1.0,0.0,0.6,,
443.0,31.0,0.9999999999999999,-0.3327087591633449,-0.43033148291193535,0.0,0.5263078946776307,0.447213595499958,1.0,0.0,0.8,,
444.0,41.0,0.9999999999999999,0.6488505815079662,-0.9424212936563148,0.0,0.4636809247747852,0.5531726674375733,1.0,0.0,0.6,,
445.0,21.0,0.9999999999999999,-0.18254718381082505,0.7484551991837488,0.0,0.5403702434442518,0.29664793948382656,1.0,0.0,1.0,,
446.0,51.0,1.0,0.6537465794937027,0.32732683535398843,0.0,0.4,0.4647580015448901,1.0,0.0,0.8,,
447.0,21.0,1.0,0.04024767801857589,-0.10206207261596613,0.0,0.5138093031466052,0.4979959839195494,1.0,0.0,0.8,,
448.0,21.0,1.0,0.27917896017725535,,0.0,0.817312669668102,0.9338094023943,1.0,0.0,0.6,,
449.0,31.0,1.0,-0.009131076914943885,-0.46854460852645796,0.0,0.6016643582596529,0.42661458015403086,1.0,0.0,0.6,,
450.0,51.0,1.0,0.12069493152277382,0.5345224838248488,0.0,0.46904157598234303,0.6196773353931867,1.0,0.0,0.4,,
451.0,41.0,1.0,-0.017569310728749288,-0.7184212081070996,0.0,0.8876936408468858,0.9465727652959386,1.0,0.0,0.4,,
452.0,11.0,1.0,0.6643876728782062,,0.0,0.34058772731852804,0.9879271228182777,1.0,0.0,0.8,,
453.0,11.0,0.9999999999999999,-0.08942036680197929,,0.0,0.31622776601683805,0.15491933384829662,1.0,0.0,1.0,,
454.0,11.0,0.9999999999999998,0.34516485558721594,0.9432422182837987,0.0,0.6099180272790763,0.5059644256269408,1.0,1.0,0.4,,
455.0,31.0,1.0,0.6064497754203839,0.04682929057908473,0.0,0.4939635614091388,0.6985699678629192,1.0,0.0,0.8,,
456.0,31.0,1.0,0.4043631632818566,0.37529331252040077,0.0,0.44609416046390926,0.5692099788303084,1.0,0.0,0.8,,
457.0,51.0,1.0,0.4823357228078134,0.35805743701971643,0.0,0.43474130238568315,0.7224956747275377,1.0,1.0,0.6,,
458.0,41.0,0.9999999999999996,0.401935272803022,-0.26607604209509583,0.0,0.8579044235810886,0.9252026804976301,1.0,0.0,0.8,,
459.0,51.0,1.0,-0.41120376361989724,0.4392215827153353,0.0,0.9433981132056604,0.5639148871948674,0.0,0.0,0.8,,
460.0,51.0,0.9999999999999999,-0.08259291767837207,,0.0,0.7694153624668538,1.169615321377076,1.0,0.0,0.4,,
461.0,51.0,0.9999999999999999,-0.19767362365331584,0.22877068987188276,0.0,0.6313477647065839,0.7410263153222023,1.0,0.0,0.4,,
462.0,21.0,1.0,0.6170609073445336,,0.0,0.32863353450309957,0.6870225614927068,1.0,0.0,0.6,,
463.0,21.0,1.0,0.6487671341092494,-0.5144957554275266,0.0,0.2280350850198276,0.34641016151377557,1.0,0.0,1.0,,
464.0,11.0,1.0,0.06375767130633386,0.36514837167011077,0.0,0.469041575982343,0.33466401061363016,1.0,0.0,0.4,,
465.0,21.0,1.0,-0.009251639066628532,,0.0,0.7974960814950756,1.0733126291998991,1.0,1.0,0.6,,
466.0,51.0,0.9999999999999999,0.7166890044232394,,0.0,0.34721751107915044,0.722495674727538,1.0,0.0,1.0,,
467.0,31.0,0.9999999999999999,0.23281009858985946,,0.0,0.4427188724235731,0.282842712474619,1.0,0.0,1.0,,
468.0,51.0,1.0,-0.2111937441590509,0.10206207261596582,0.0,0.5477225575051662,0.2366431913239846,1.0,0.0,1.0,,
469.0,11.0,0.9999999999999999,0.09611613136669075,,0.0,0.034641016151377574,0.03577708763999665,1.0,0.0,0.6,,
470.0,21.0,1.0,0.5396961376401286,-0.37500000000000017,0.0,0.41472882706655445,0.409878030638384,0.0,0.0,1.0,,
471.0,31.0,1.0,0.3737089193708912,0.2500000000000002,0.0,0.5176871642217914,0.8944271909999157,0.0,0.0,0.0,,
472.0,51.0,1.0,0.052768795428464285,,0.0,0.340587727318528,0.28284271247461906,1.0,0.0,1.0,,
473.0,31.0,0.9999999999999999,0.29776379012530435,-0.14498930239924238,0.0,0.6841052550594827,0.7949842765740717,1.0,0.0,0.8,,
474.0,41.0,1.0,0.45076937937454525,,0.0,0.593295878967653,0.8390470785361213,0.0,0.0,0.0,,
475.0,21.0,0.9999999999999999,-0.4505003759326338,0.18984517357928782,0.0,0.570894035701898,0.7229937759068193,1.0,1.0,0.0,,
476.0,21.0,0.9999999999999999,0.40250246734877576,-0.5270462766947298,0.0,0.5059644256269408,0.8717797887081347,0.0,1.0,0.8,,
477.0,31.0,1.0,-0.16034183167562416,-0.08751963923328279,0.0,0.7603683317971627,0.842947210684038,1.0,0.0,0.6,,
478.0,31.0,1.0,0.5631625906963907,0.40824829046386313,0.0,0.303315017762062,0.9591663046625437,1.0,0.0,0.2,,
479.0,31.0,0.9999999999999999,-0.0024038114281783813,0.5960830148812505,0.0,0.6131883886702356,1.1099549540409286,1.0,0.0,0.6,,
480.0,11.0,1.0,0.15274848225350626,,0.0,0.5761944116355174,0.8049844718999244,1.0,0.0,1.0,,
481.0,51.0,1.0,-0.11589434564851804,0.8741572761215377,0.0,0.6066300355241241,0.726636084983398,1.0,0.0,0.8,,
482.0,31.0,0.9999999999999996,0.7774579020588088,-0.5,0.0,0.2366431913239846,0.2683281572999747,1.0,0.0,1.0,,
483.0,51.0,1.0,0.6011470308353029,-0.48038446141526153,0.0,0.37013511046643494,0.6526867548832289,1.0,0.0,0.4,,
484.0,51.0,1.0,0.3656056647380545,0.07188851546895904,0.0,0.6752777206453653,0.6131883886702356,1.0,0.0,0.4,,
485.0,11.0,1.0,0.11227217828476797,,0.0,0.521536192416212,0.5585696017507578,1.0,1.0,0.2,,
486.0,41.0,0.9999999999999998,0.563863589858427,-0.37499999999999994,0.0,0.5019960159204453,0.867179335547152,1.0,0.0,0.4,,
487.0,41.0,1.0,-0.18150721135067724,0.28097574347450804,0.0,0.9465727652959386,0.7949842765740717,1.0,1.0,0.6,,
488.0,11.0,0.9999999999999998,-0.6461102974898938,,0.0,0.9099450532861861,0.2683281572999748,1.0,0.0,1.0,,
489.0,31.0,0.9999999999999999,0.24405367204113532,,0.0,0.8485281374238571,0.7375635565834311,1.0,0.0,0.8,,
490.0,41.0,0.9999999999999998,0.16023089886141123,-0.19781414201873607,0.0,0.45166359162544856,0.29664793948382656,0.0,0.0,1.0,,
491.0,11.0,1.0,0.7896924658924898,-0.28571428571428564,0.0,0.04098780306383841,0.025298221281347056,1.0,0.0,1.0,,
492.0,41.0,1.0,0.1666666666666667,0.4909902530309828,0.0,0.5059644256269408,1.2992305415129373,1.0,0.0,0.4,,
493.0,31.0,0.9999999999999999,0.0538031126539079,0.054554472558997924,0.0,0.532916503778969,0.6196773353931867,1.0,0.0,0.8,,
494.0,41.0,1.0,-0.3577457792840216,0.9865604874871694,0.0,1.0430723848324237,0.08944271909999157,1.0,0.0,1.0,,
495.0,21.0,1.0,-0.1918735586115178,-0.7717436331412896,0.0,0.4857983120596448,0.4381780460041329,1.0,1.0,0.6,,
496.0,41.0,0.9999999999999998,-0.046504083237770194,,0.0,0.4732863826479693,0.8944271909999159,1.0,0.0,0.0,,
497.0,31.0,1.0,0.336887316936593,-0.4082482904638631,0.0,0.5019960159204453,0.3898717737923586,1.0,1.0,1.0,,
498.0,41.0,0.9999999999999998,0.22553031137589208,-0.17277368511627206,0.0,0.7348469228349535,0.7042726744663603,1.0,0.0,0.8,,
499.0,11.0,1.0,0.005662201893360077,0.3411441196105066,0.0,0.5403702434442518,0.614817045957576,1.0,0.0,0.8,,
500.0,31.0,0.9999999999999999,0.2132007163556104,-0.4780914437337574,0.0,0.4898979485566357,0.7745966692414834,1.0,0.0,0.4,,
501.0,51.0,1.0,0.7177440751957848,-0.5229763603684906,0.0,0.34825278175486263,0.32348106590649167,0.0,0.0,1.0,,
502.0,51.0,1.0,0.2714395865423143,,0.0,0.8178019320104349,1.5844494311905317,0.0,0.0,0.4,,
503.0,41.0,1.0,0.42378968976300646,-0.6846531968814575,0.0,0.48166378315169184,0.2863564212655271,1.0,1.0,1.0,,
504.0,41.0,1.0,0.26349011835593245,0.23028309323591917,0.0,0.4159326868617085,0.7536577472566709,1.0,0.0,0.4,,
505.0,51.0,1.0,0.04083734395619766,-0.7748959978827193,0.0,0.7492930001007616,0.462860670180563,1.0,1.0,1.0,,
506.0,51.0,1.0,-0.4274252071325551,0.7717436331412898,0.0,0.3577708763999663,0.26832815729997467,1.0,0.0,0.8,,
507.0,11.0,1.0,-0.2856210369240364,-0.3611575592573076,0.0,0.7974960814950753,0.9715966241192895,0.0,0.0,0.0,,
508.0,41.0,0.9999999999999999,0.1258864067520883,,0.0,0.9338094023943002,0.39242833740697164,1.0,1.0,1.0,,
509.0,31.0,1.0,0.39510556494551513,-0.9682458365518545,0.0,0.4,0.45387222871640864,1.0,1.0,1.0,,
510.0,11.0,1.0,-0.7036405506008572,,0.0,0.9612491872558333,0.9380831519646861,1.0,0.0,0.4,,
511.0,11.0,1.0,0.1551137391653967,0.05716619504750294,0.0,0.8264623403398367,0.8899438184514796,0.0,0.0,0.6,,
512.0,21.0,0.9999999999999999,-0.26671075473287953,0.2987189956264626,0.0,0.8318653737234168,0.8899438184514796,1.0,0.0,0.4,,
513.0,51.0,0.9999999999999998,0.33706664979040485,0.33995005182504334,0.0,0.6356099432828282,0.7848566748139433,1.0,0.0,0.6,,
514.0,11.0,0.9999999999999998,0.7563893013417126,0.497067423386217,0.0,0.31622776601683794,0.46475800154489005,1.0,0.0,0.8,,
515.0,11.0,1.0,0.4825936718509951,,0.0,0.469041575982343,0.8579044235810886,1.0,0.0,0.8,,
516.0,31.0,1.0,0.008858117544734046,0.48556162254209734,0.0,0.7543208866258445,0.7056911505750941,1.0,1.0,0.8,,
517.0,41.0,1.0,0.5699825230415874,-0.6904732790584838,0.0,0.410316950661315,0.7469404260046446,1.0,0.0,0.8,,
518.0,21.0,1.0,-0.47074062271243705,0.0438529009653515,0.0,0.5727128425310541,0.4732863826479693,1.0,0.0,0.8,,
519.0,41.0,0.9999999999999999,0.16084571303719863,,0.0,0.32698623824252915,0.632455532033676,1.0,1.0,0.6,,
520.0,11.0,1.0,0.542379944075025,,0.0,0.363318042491699,0.5513619500836089,1.0,0.0,0.6,,
521.0,11.0,0.9999999999999998,-0.03103522082258875,,0.0,0.732120208708925,0.13416407864998736,1.0,0.0,1.0,,
522.0,51.0,1.0,0.32025630761017443,-0.11952286093343975,0.0,0.3098386676965933,0.15491933384829673,1.0,0.0,1.0,,
523.0,51.0,0.9999999999999999,-0.29020181417544144,,0.0,0.521536192416212,0.3577708763999664,1.0,0.0,0.8,,
524.0,31.0,1.0,0.09279693346734168,-0.901751403883351,0.0,0.594138031100518,0.7707139547199076,1.0,1.0,0.8,,
525.0,21.0,0.9999999999999999,0.5078745001833701,0.586009038673119,0.0,0.3464101615137755,0.31937438845342625,1.0,0.0,0.8,,
526.0,21.0,1.0,0.5567873494220007,0.4564354645876392,0.0,0.3754996671103718,0.1788854381999832,1.0,0.0,1.0,,
527.0,21.0,1.0,0.25466419812457614,0.13031167282892087,0.0,0.5253570214625478,0.6324555320336759,1.0,1.0,0.8,,
528.0,51.0,1.0,-0.12395001139995851,-0.7637626158259733,0.0,0.33466401061363016,0.2828427124746192,1.0,0.0,1.0,,
529.0,21.0,0.9999999999999999,0.5345224838248487,-0.023338001400467014,0.0,0.3898717737923585,0.42895221179054427,1.0,0.0,0.8,,
530.0,31.0,1.0,0.00403856486258034,0.04264983751775673,0.0,0.38225645841502787,0.348711915483254,1.0,0.0,1.0,,
531.0,21.0,1.0,0.5144750178614483,0.5580687036253709,0.0,0.644980619863884,0.9797958971132712,1.0,0.0,0.8,,
532.0,51.0,1.0,0.3421993158193217,,0.0,0.37416573867739417,0.8809086218218097,1.0,0.0,0.6,,
533.0,21.0,1.0,0.003956914276643121,0.12309149097933295,0.0,0.6610597552415365,0.4195235392680607,1.0,0.0,0.6,,
534.0,41.0,1.0,2.731048165096779e-16,0.08006407690254366,0.0,0.20000000000000007,0.2966479394838266,1.0,1.0,0.4,,
535.0,11.0,1.0,0.4152202937249666,,0.0,0.30659419433511786,0.38729833462074176,1.0,0.0,0.6,,
536.0,31.0,1.0,0.2914193041578706,0.47673129462279595,0.0,0.6144265619258334,0.9549869109050658,0.0,0.0,0.2,,
537.0,31.0,1.0,0.4601679449909938,-0.3626203338114209,0.0,0.3405877273185281,0.44721359549995804,1.0,0.0,0.6,,
538.0,51.0,0.9999999999999999,0.5535544484477658,0.6123724356957945,0.0,0.17888543819998315,0.41952353926806074,1.0,0.0,1.0,,
539.0,21.0,1.0,0.3704193223746416,-0.8124320503995547,0.0,0.5540036100965408,0.9197825830053534,1.0,0.0,0.6,,
540.0,21.0,0.9999999999999998,-0.03683680434242883,0.8534794505918812,0.0,0.9338094023943002,0.7848566748139434,1.0,0.0,0.4,,
541.0,31.0,1.0,-0.16338235539436405,0.5601120336112041,0.0,0.7615773105863909,0.40987803063838407,1.0,0.0,1.0,,
542.0,31.0,0.9999999999999999,0.47316022340738395,-0.06136008670922702,0.0,0.36331804249169897,0.92951600308978,1.0,0.0,0.4,,
543.0,51.0,1.0,0.07537783614444092,,0.0,0.19999999999999996,0.08944271909999157,1.0,0.0,1.0,,
544.0,41.0,1.0,-0.216612144429553,-0.5417363388859615,0.0,0.5692099788303084,0.8671793355471521,1.0,0.0,0.6,,
545.0,11.0,1.0,-0.03616098544367398,-0.7905694150420943,0.0,0.43358966777357605,0.48166378315169195,1.0,1.0,0.2,,
546.0,51.0,1.0,-0.11913900426419126,-0.5003457723103897,0.0,0.9186947262284682,0.8774964387392122,1.0,1.0,0.8,,
547.0,51.0,0.9999999999999999,0.2246197676733987,0.23249527748763857,0.0,0.4289522117905443,0.49799598391954936,1.0,0.0,0.8,,
548.0,11.0,0.9999999999999999,0.5230514552052166,0.2211629342323458,0.0,0.38987177379235866,0.48989794855663565,1.0,1.0,0.8,,
549.0,51.0,1.0,-0.36961063547728634,-0.4536437841818504,0.0,0.6603029607687672,1.0392304845413265,1.0,0.0,0.2,,
550.0,21.0,1.0,0.553783014582556,-0.5743665268941911,0.0,0.565685424949238,0.726636084983398,1.0,0.0,0.8,,
551.0,31.0,0.9999999999999998,0.4626578019550638,0.06250000000000004,0.0,0.5039841267341661,0.8246211251235321,1.0,0.0,0.4,,
552.0,31.0,1.0,0.2875594777267349,,0.0,0.46475800154489005,0.8390470785361213,1.0,0.0,0.4,,
553.0,11.0,1.0,-6.145548423519816e-17,-0.3354101966249685,0.0,0.6693280212272605,0.3577708763999664,1.0,1.0,1.0,,
554.0,31.0,0.9999999999999996,0.44195375373380674,0.21821789023599206,0.0,0.25361387974635774,0.1788854381999833,1.0,0.0,0.8,,
555.0,21.0,1.0,-0.2522983299313749,-0.8660254037844386,0.0,0.5779273310719956,0.5310367218940701,1.0,0.0,0.6,,
556.0,51.0,0.9999999999999999,0.29739018925429367,0.4167381299493582,0.0,0.3824656847352453,0.22538855339169284,1.0,1.0,1.0,,
557.0,11.0,1.0,0.2371587248863413,-0.4231139606876775,0.0,0.6752777206453653,0.7099295739719539,1.0,0.0,0.8,,
558.0,31.0,0.9999999999999999,-0.2363062328571031,0.5931710140017395,0.0,0.8,0.32863353450309973,1.0,1.0,1.0,,
559.0,11.0,1.0,0.3090829588899957,-0.5334679898331168,0.0,0.5893386123443806,0.4878524367060187,1.0,0.0,0.6,,
560.0,31.0,1.0,0.35712520274646475,-0.9759000729485332,0.0,0.6562621427448029,0.8793179174792243,1.0,0.0,0.4,,
561.0,51.0,1.0,-0.23368568540483597,0.24999999999999997,0.0,0.3464101615137755,0.5440588203494178,1.0,0.0,0.8,,
562.0,31.0,0.9999999999999999,0.35667855615003297,-0.8807048459279792,0.0,0.5899152481501052,0.8148619514985346,1.0,0.0,0.6,,
563.0,41.0,1.0,0.5518915695898104,0.37499999999999994,0.0,0.28284271247461906,0.20000000000000004,1.0,0.0,1.0,,
564.0,11.0,0.9999999999999999,0.010800104545517978,-0.24525573579398624,0.0,0.6782329983125269,1.2743625857659193,1.0,0.0,0.2,,
565.0,31.0,0.9999999999999996,0.038575251743455434,0.18049871809528886,0.0,0.9359487165438073,1.1349008767288886,1.0,1.0,0.4,,
566.0,41.0,1.0,0.6092383911408495,-0.25,0.0,0.48236915324261775,0.6693280212272605,1.0,0.0,0.4,,
567.0,21.0,1.0,0.7063224140220166,,0.0,0.4472135954999579,0.9715966241192896,1.0,0.0,0.4,,
568.0,31.0,0.9999999999999997,0.14086234663937355,0.5527707983925667,0.0,0.6131883886702356,0.48989794855663565,1.0,0.0,0.6,,
569.0,21.0,0.9999999999999998,0.7771931687236039,-0.8214285714285713,0.0,0.4,0.8944271909999159,1.0,0.0,0.6,,
570.0,31.0,1.0,-0.71686303837631,-0.15450950015417,0.0,0.890797395595654,1.1406664718488049,1.0,0.0,0.2,,
571.0,41.0,0.9999999999999999,0.4453003235747309,0.2326252139407972,0.0,0.5916079783099616,0.9327379053088815,1.0,0.0,0.4,,
572.0,41.0,1.0,0.1575536012794838,-0.40089186286863654,0.0,0.7134423592694789,0.6016643582596529,1.0,1.0,0.8,,
573.0,51.0,0.9999999999999998,-0.3036489230113745,0.8251369970070346,0.0,0.8197560612767679,0.7321202087089251,1.0,0.0,0.8,,
574.0,51.0,1.0,0.015756989282448692,-0.04752931878933558,0.0,0.78993670632526,1.2521980673998823,1.0,0.0,0.2,,
575.0,31.0,1.0,0.5607020169110826,,0.0,0.782304288624318,0.4472135954999579,1.0,0.0,1.0,,
576.0,21.0,1.0,-8.659803427922448e-17,,0.0,0.2449489742783179,0.08944271909999157,1.0,0.0,1.0,,
577.0,21.0,0.9999999999999999,0.20176141146934465,,0.0,1.5620499351813308,1.0695793565696752,0.0,0.0,0.2,,
578.0,51.0,0.9999999999999999,0.5302770126459323,0.23312620206007878,0.0,0.46043457732885357,0.5513619500836089,1.0,0.0,0.8,,
579.0,31.0,0.9999999999999998,0.5118841795803151,-0.7905694150420947,0.0,0.6841052550594828,0.593295878967653,1.0,0.0,0.8,,
580.0,41.0,1.0,-0.21382083988801326,0.3461538461538459,0.0,0.7375635565834311,0.6066300355241241,1.0,0.0,0.6,,
581.0,11.0,1.0,-0.025617351897966,3.0024557205800366e-16,0.0,0.2626785107312739,0.16733200530681513,1.0,0.0,0.6,,
582.0,31.0,0.9999999999999999,0.5199058860484754,-0.46770717334674244,0.0,0.6693280212272605,0.967470929795826,0.0,0.0,0.8,,
583.0,11.0,1.0,0.47643660195431853,-0.11725441178024146,0.0,0.5449403637096448,0.6766387514767389,1.0,0.0,0.6,,
584.0,41.0,1.0,-0.03955938860646179,1.338327375559748e-16,0.0,0.4939635614091388,0.26832815729997483,1.0,0.0,1.0,,
585.0,41.0,1.0,0.43701641975971695,0.49099025303098304,0.0,0.5727128425310541,0.6196773353931867,1.0,1.0,0.8,,
586.0,31.0,1.0,0.03347155817058291,-0.49415184560176234,0.0,0.909945053286186,0.6387487769068526,0.0,0.0,1.0,,
587.0,31.0,0.9999999999999999,0.4761126073534533,0.40824829046386274,0.0,0.46475800154489005,0.1264911064067352,1.0,0.0,1.0,,
588.0,51.0,0.9999999999999999,0.23018134530668244,,0.0,0.7622335600063802,0.2190890230020664,0.0,0.0,1.0,,
589.0,41.0,1.0,-0.038723057519851306,0.42401324748473734,0.0,0.6723094525588645,1.2992305415129373,0.0,0.0,0.2,,
590.0,11.0,0.9999999999999998,0.38789840390974184,-0.7637626158259734,0.0,0.5138093031466052,1.2361229712289954,1.0,0.0,0.6,,
591.0,51.0,1.0,-0.34143167982105593,0.4909902530309828,0.0,0.9736529155710467,0.6196773353931867,1.0,0.0,0.8,,
592.0,21.0,1.0,0.7294583480403964,0.43921906359671087,0.0,0.6033241251599343,1.4805404418657397,0.0,0.0,0.4,,
593.0,51.0,0.9999999999999998,-0.17709699439434823,0.408248290463863,0.0,0.33466401061363027,0.5727128425310541,1.0,0.0,0.4,,
594.0,21.0,1.0,0.3202452052938067,-0.3100868364730215,0.0,0.2966479394838265,0.5865151319446071,1.0,0.0,0.2,,
595.0,11.0,1.0,-0.08256602761929856,,0.0,0.8729261137118078,0.5440588203494177,1.0,0.0,0.6,,
596.0,41.0,1.0,0.02479443873518448,-0.3507114831252667,0.0,0.7355270219373317,1.0908712114635715,1.0,0.0,0.4,,
597.0,41.0,1.0,0.23515854050088617,-0.9704949588309456,0.0,0.5440588203494178,0.5513619500836089,0.0,0.0,0.8,,
598.0,41.0,1.0,0.6489579716824705,0.3750000000000002,0.0,0.2607680962081059,0.5215361924162119,1.0,0.0,0.8,,
599.0,31.0,1.0,-0.07923793546049805,,0.0,0.447213595499958,0.38987177379235854,0.0,0.0,1.0,,
600.0,31.0,0.9999999999999998,-0.10666359328564684,0.6305415903816464,0.0,0.7442311468891907,0.5198461310811114,1.0,0.0,0.8,,
601.0,51.0,0.9999999999999998,0.07332715723406098,,0.0,0.867179335547152,1.3769531582446806,1.0,1.0,0.2,,
602.0,51.0,1.0,-0.30185339167488384,0.38888888888888895,0.0,0.8438009243891594,0.41952353926806063,1.0,0.0,0.8,,
603.0,21.0,1.0,0.5769824809195785,-0.643247728563371,0.0,0.6255877236647152,0.6962183565520232,1.0,0.0,0.8,,
604.0,11.0,0.9999999999999999,0.43808225606955425,0.563501526132561,0.0,0.5992662179699436,0.6088021024930844,1.0,0.0,0.8,,
605.0,11.0,1.0,0.12979116232513063,-0.03137279025690796,0.0,0.529150262212918,0.862554346113913,1.0,1.0,0.4,,
606.0,21.0,1.0,0.5392113040696881,-0.8846517369293826,0.0,0.45166359162544867,1.4805404418657397,1.0,0.0,0.0,,
607.0,11.0,1.0,-0.34551553868439167,,0.0,0.7042726744663603,0.9033271832508972,1.0,1.0,0.2,,
608.0,41.0,1.0,0.3957393064288922,0.6864064729836441,0.0,0.38858718455450897,0.07745966692414835,1.0,0.0,1.0,,
609.0,31.0,1.0,-0.16578586040468757,,0.0,0.854072596445993,0.938083151964686,1.0,1.0,0.6,,
610.0,41.0,1.0,0.056791746247630656,-0.08770580193070243,0.0,0.7042726744663603,0.3794733192202056,1.0,0.0,1.0,,
611.0,11.0,0.9999999999999999,-0.23908789276283476,-0.48424799847909317,0.0,0.6663332499583073,0.9423375191511797,1.0,0.0,0.2,,
612.0,51.0,1.0,0.7752842066401204,0.44212975855992237,0.0,0.35213633723318016,0.6260990336999411,1.0,0.0,1.0,,
613.0,51.0,1.0,-0.014983340295732533,0.7905694150420947,0.0,0.4381780460041329,0.2529822128134703,1.0,0.0,1.0,,
614.0,21.0,0.9999999999999999,0.5320853295913007,0.32310097542065036,0.0,0.3301514803843835,0.565685424949238,1.0,0.0,0.6,,
615.0,51.0,0.9999999999999998,0.6189747011997067,0.74535599249993,0.0,0.24494897427831783,0.17888543819998315,1.0,0.0,0.8,,
616.0,11.0,1.0,-0.2889891365515202,0.9185586535436919,0.0,0.425440947723653,0.20000000000000004,1.0,0.0,0.8,,
617.0,51.0,0.9999999999999999,-0.37825088726532896,,0.0,0.8988882021697693,0.41952353926806063,1.0,0.0,0.8,,
618.0,21.0,1.0,-0.5799865854994128,0.44343831697094915,0.0,0.3449637662132068,0.21279097725232615,1.0,0.0,0.4,,
619.0,41.0,1.0,-0.1287755067395356,-0.6469966392206304,0.0,0.6572670690061995,0.7694153624668539,1.0,1.0,0.6,,
620.0,41.0,1.0,0.27573914490343227,0.43852900965351455,0.0,0.6033241251599343,0.8717797887081347,1.0,0.0,0.6,,
621.0,41.0,0.9999999999999999,0.6512793020122687,,0.0,0.5019960159204454,0.7429670248402683,1.0,1.0,0.8,,
622.0,11.0,1.0,0.2940347395559472,,0.0,0.41689327171351664,0.7857225973586351,1.0,0.0,0.4,,
623.0,21.0,1.0,0.5753514885790916,-0.3354101966249682,0.0,0.43358966777357605,0.17888543819998315,1.0,1.0,1.0,,
624.0,51.0,1.0,0.6630218010904608,0.6556100681071856,0.0,0.40987803063838396,0.8854377448471462,1.0,0.0,0.4,,
625.0,31.0,1.0,0.7253814384017622,,0.0,0.28284271247461906,0.37947331922020544,1.0,0.0,0.8,,
626.0,41.0,1.0,-0.1234897326414679,-0.21004201260420116,0.0,0.5403702434442518,0.732120208708925,1.0,0.0,0.4,,
627.0,21.0,1.0,0.18045133184627035,-0.2857142857142856,0.0,0.5244044240850758,0.5234500931320961,1.0,0.0,0.6,,
628.0,51.0,0.9999999999999999,-0.07495836802343649,-0.2182178902359924,0.0,0.3987480407475377,0.867179335547152,0.0,0.0,0.2,,
629.0,11.0,1.0,-0.03387981784090576,-0.49236596391733095,0.0,0.6693280212272605,0.938083151964686,1.0,0.0,0.2,,
630.0,11.0,1.0,0.5396503655414017,,0.0,0.322490309931942,0.7694153624668539,1.0,0.0,0.4,,
631.0,21.0,0.9999999999999999,0.3379537468210077,0.5833333333333335,0.0,0.6867605113866114,0.521536192416212,0.0,0.0,0.4,,
632.0,11.0,0.9999999999999997,-0.3831523295473461,0.17568209223157677,0.0,0.6196773353931867,0.40249223594996214,0.0,0.0,0.6,,
633.0,41.0,0.9999999999999999,0.07647191129018717,,0.0,0.18973665961010278,0.4898979485566356,1.0,0.0,0.0,,
634.0,21.0,1.0,0.16191735072072871,-0.6123724356957944,0.0,0.3847076812334269,0.3224903099319419,1.0,0.0,1.0,,
635.0,21.0,0.9999999999999999,-0.3405755912476949,0.6910947404650881,0.0,0.8271396496360213,1.0139033484509261,0.0,1.0,0.2,,
636.0,21.0,0.9999999999999999,0.32817327225887427,0.7882528229627712,0.0,0.6889992743102129,0.31937438845342625,0.0,0.0,0.6,,
637.0,41.0,0.9999999999999999,0.16003200960320116,-0.1586103171436287,0.0,0.6356099432828282,0.7099295739719539,1.0,0.0,0.6,,
638.0,31.0,1.0,0.24357038879700796,-0.32025630761017426,0.0,0.7483314773547881,0.5513619500836089,1.0,0.0,0.8,,
639.0,21.0,1.0,0.08571517457058866,,0.0,0.9757048734120375,0.6260990336999411,1.0,1.0,1.0,,
640.0,41.0,0.9999999999999999,-0.21821789023599253,,0.0,0.31622776601683805,0.4195235392680607,1.0,0.0,0.6,,
641.0,41.0,0.9999999999999999,-0.23621531628393827,-0.3,0.0,0.8234075540095561,0.8988882021697692,1.0,0.0,0.8,,
642.0,21.0,0.9999999999999999,-0.5293673473369035,0.5897678246195888,0.0,0.7183313998427188,0.28284271247461895,1.0,0.0,1.0,,
643.0,41.0,0.9999999999999998,0.3822420967520499,,0.0,0.8342661445845685,0.6324555320336759,1.0,0.0,0.6,,
644.0,21.0,0.9999999999999999,0.4326500456863331,,0.0,0.5761944116355173,0.644980619863884,1.0,1.0,0.6,,
645.0,31.0,1.0,-0.07087536669219395,0.48995593493886597,0.0,0.6572670690061992,0.8099382692526635,1.0,0.0,0.6,,
646.0,21.0,0.9999999999999998,-0.057011146768896424,-0.0890870806374748,0.0,1.043072384832424,1.1627553482998907,1.0,0.0,0.4,,
647.0,51.0,0.9999999999999999,0.0964959799116027,0.06250000000000003,0.0,0.7720103626247514,0.9380831519646861,1.0,0.0,0.6,,
648.0,31.0,1.0,0.3890442821986036,-0.10862508931871365,0.0,0.6511528238439883,0.8944271909999159,1.0,0.0,0.6,,
649.0,51.0,0.9999999999999998,0.05357427591941066,0.5345224838248487,0.0,0.5099019513592785,1.0079682534683323,1.0,1.0,0.6,,
650.0,21.0,1.0,-0.12613035745273185,,0.0,0.5374755808406555,1.0696167537954893,0.0,0.0,0.0,,
651.0,21.0,1.0,0.7030435220141351,,0.0,0.5138093031466051,1.2680693987317888,1.0,0.0,0.6,,
652.0,31.0,1.0,0.5842547936806524,0.3040818202797687,0.0,0.5253570214625479,0.9591663046625438,0.0,0.0,0.6,,
653.0,51.0,1.0,-0.4927362251887448,0.2324952774876385,0.0,0.565685424949238,0.3898717737923586,1.0,0.0,0.8,,
654.0,21.0,0.9999999999999998,0.4582729045510212,0.6462303276414967,0.0,0.4340967634065014,0.12899612397277682,1.0,0.0,1.0,,
655.0,31.0,1.0,0.4388453499025066,,0.0,0.3687817782917155,0.5865151319446071,1.0,0.0,0.4,,
656.0,31.0,0.9999999999999997,0.244621301349829,,0.0,0.6693280212272604,0.7999999999999999,0.0,0.0,0.6,,
657.0,41.0,1.0,0.013901766860027339,0.7948431926704659,0.0,0.8148619514985346,0.8099382692526637,1.0,1.0,0.8,,
658.0,21.0,1.0,0.4757737735236791,-0.36768674146681024,0.0,0.5167204273105526,0.7208883408684038,1.0,1.0,0.8,,
659.0,11.0,0.9999999999999998,0.3458342506225409,0.4789474720713997,0.0,0.5477225575051661,0.7848566748139434,1.0,0.0,0.4,,
660.0,51.0,1.0,-0.18744428762319465,-0.10783277320343833,0.0,0.30000000000000004,0.6356099432828282,1.0,0.0,0.6,,
661.0,11.0,1.0,0.1340837364086513,0.8749999999999999,0.0,0.9440974525969235,1.2275504062970286,1.0,1.0,0.0,,
662.0,51.0,0.9999999999999999,-0.2395058915685314,-0.6454972243679028,0.0,0.04098780306383841,0.0419523539268061,1.0,0.0,0.6,,
663.0,51.0,1.0,0.34412863451731607,0.820675004302292,0.0,0.44158804331639234,0.7211102550927979,1.0,0.0,0.6,,
664.0,41.0,1.0,0.46420824871959926,,0.0,0.5665686189686118,0.3255764119219941,0.0,0.0,1.0,,
665.0,11.0,0.9999999999999999,0.1100605001639266,,0.0,0.7600526297566504,1.6990114773008451,1.0,0.0,0.0,,
666.0,21.0,1.0,-0.17947962757757463,,0.0,1.159310139695155,0.8294576541331089,1.0,0.0,0.8,,
667.0,51.0,1.0,0.6845346935146017,-0.1263227881599774,0.0,0.5329165037789692,0.7949842765740717,1.0,1.0,0.8,,
668.0,21.0,1.0,0.5831855957714834,0.7071067811865472,0.0,0.39999999999999997,0.4195235392680607,0.0,0.0,1.0,,
669.0,41.0,1.0,-0.36509133060568855,-0.7780718892565364,0.0,0.6942621983083913,1.2604443660868179,1.0,0.0,0.2,,
670.0,21.0,0.9999999999999997,0.7637144501330017,,0.0,0.4049691346263318,0.8197560612767681,1.0,0.0,0.6,,
671.0,51.0,1.0,0.5745068032348257,,0.0,0.2503597411725775,0.3735237609577202,1.0,0.0,0.2,,
672.0,51.0,1.0,0.4357083742989831,-0.06967330142916198,0.0,0.5138093031466052,0.8099382692526635,1.0,0.0,0.8,,
673.0,51.0,1.0,0.4335765541252615,,0.0,0.2756809750418044,0.5215361924162121,1.0,0.0,0.2,,
674.0,21.0,1.0,0.16194736590884984,-0.439941345064059,0.0,0.6648308055437865,0.6693280212272603,1.0,0.0,0.8,,
675.0,11.0,0.9999999999999998,0.26780543281601005,,0.0,0.41952353926806063,0.44721359549995804,1.0,0.0,0.4,,
676.0,51.0,0.9999999999999999,0.11174785100286527,,0.0,0.5366563145999496,0.5585696017507578,1.0,0.0,0.4,,
677.0,31.0,1.0,-0.23473857045925972,0.4564354645876385,0.0,0.8671793355471521,0.7848566748139434,1.0,0.0,0.6,,
678.0,41.0,1.0,0.5998104651090667,-0.16116459280507625,0.0,0.45825756949558405,1.1072488428533127,1.0,0.0,0.4,,
679.0,41.0,0.9999999999999999,0.03590076383898242,-0.3202563076101744,0.0,0.6480740698407861,0.4732863826479694,1.0,1.0,1.0,,
680.0,11.0,1.0,0.7667786287452758,,0.0,0.17606816861659005,0.32863353450309973,1.0,0.0,1.0,,
681.0,31.0,1.0,-0.00652383597424566,-2.777656993164641e-16,0.0,0.5059644256269408,0.6131883886702356,1.0,0.0,0.6,,
682.0,11.0,1.0,0.1995518069497929,,0.0,1.104536101718726,0.4898979485566356,1.0,0.0,0.8,,
683.0,41.0,0.9999999999999999,0.4209727664791336,,0.0,0.593295878967653,1.4886235252742717,1.0,0.0,0.0,,
684.0,41.0,0.9999999999999999,0.21509033354780588,0.35355339059327373,0.0,0.3898717737923586,0.6511528238439883,1.0,1.0,0.4,,
685.0,21.0,1.0,-0.3734080224074692,-0.044022545316281164,0.0,0.9570788891204319,0.6131883886702356,1.0,1.0,0.6,,
686.0,51.0,0.9999999999999998,-0.39661857275181933,-0.2641352718976872,0.0,0.51478150704935,0.6000000000000001,1.0,0.0,0.8,,
687.0,21.0,1.0,0.09863104970335915,-0.40006613209931946,0.0,0.8663486596053578,1.2328828005937953,1.0,1.0,0.4,,
688.0,11.0,1.0,0.5253927142074009,,0.0,0.6066300355241241,0.6811754546370562,1.0,0.0,0.4,,
689.0,21.0,1.0,0.07563883212805117,-0.7385489458759963,0.0,0.44384682042344287,0.3794733192202056,0.0,1.0,0.8,,
690.0,21.0,0.9999999999999999,0.06806326774336711,-0.408248290463863,0.0,0.5253570214625479,0.4560701700396552,1.0,1.0,1.0,,
691.0,21.0,1.0,0.12098498544724487,-0.03790490217894519,0.0,0.4571651780264984,0.44045431091090476,1.0,0.0,0.6,,
692.0,11.0,1.0,0.10213598244722928,,0.0,0.4427188724235731,0.5865151319446071,1.0,0.0,0.4,,
693.0,41.0,1.0,0.45191229035801705,0.38177085778546743,0.0,0.5516158083303995,0.5966573556070519,1.0,0.0,0.6,,
694.0,41.0,1.0,0.014439774556447701,-0.013135173437318359,0.0,0.6418722614352486,0.7694153624668538,1.0,0.0,0.8,,
695.0,11.0,0.9999999999999998,0.32846086459976376,,0.0,0.38600518131237566,0.17977764043395392,1.0,0.0,0.8,,
696.0,21.0,1.0,-0.26187507253642933,0.11660190581423459,0.0,0.6663332499583073,0.6572670690061994,1.0,0.0,0.6,,
697.0,21.0,1.0,0.1584158415841584,0.6123724356957944,0.0,0.6228964600958975,0.47328638264796935,1.0,0.0,0.8,,
698.0,51.0,0.9999999999999998,0.009691757468929899,-0.19117647058823553,0.0,0.5130302135352264,0.40358394418014215,1.0,0.0,1.0,,
699.0,51.0,0.9999999999999999,-0.16341681426185292,-0.9039783574556967,0.0,0.9818350166906862,1.42828568570857,0.0,0.0,0.4,,
700.0,11.0,0.9999999999999997,0.4639777496762831,,0.0,0.6723094525588644,0.7483314773547882,1.0,0.0,0.4,,
701.0,11.0,0.9999999999999999,0.5801193511153212,,0.0,0.2190890230020665,0.3224903099319421,1.0,0.0,0.4,,
702.0,21.0,0.9999999999999998,-0.21716782327606976,-0.5265071343609518,0.0,0.6006662967072482,0.3250846043724618,1.0,0.0,0.6,,
703.0,11.0,0.9999999999999999,-0.2917548142494405,0.3100868364730213,0.0,0.629285308902091,0.551361950083609,1.0,0.0,0.8,,
704.0,41.0,1.0,0.15516158911866854,-0.3458342506225412,0.0,0.44833023542919787,0.340587727318528,1.0,0.0,1.0,,
705.0,41.0,1.0,0.11580087968807343,-0.5590169943749473,0.0,0.4560701700396552,0.28284271247461895,1.0,0.0,1.0,,
706.0,21.0,0.9999999999999999,0.3723018571909236,0.044022545316281136,0.0,0.5253570214625478,0.4289522117905443,1.0,0.0,0.8,,
707.0,41.0,1.0,0.3785344342589536,0.720576692122892,0.0,0.4816637831516918,0.2190890230020665,0.0,0.0,1.0,,
708.0,21.0,1.0,-0.6350365049760387,0.7877855422677296,0.0,0.45484063143039455,1.127829774389735,1.0,0.0,0.6,,
709.0,11.0,0.9999999999999999,0.33808509959374905,,0.0,0.7293833011524189,0.644980619863884,1.0,0.0,0.8,,
710.0,51.0,1.0,0.12350106817450622,-0.19011727515734336,0.0,0.5440588203494178,1.0,1.0,0.0,0.4,,
711.0,31.0,1.0,-0.4583333333333334,0.10206207261596573,0.0,0.2529822128134703,0.4381780460041329,1.0,0.0,0.6,,
712.0,51.0,1.0,0.40727637895982916,,0.0,0.7348469228349536,1.6297239029970692,1.0,0.0,0.2,,
713.0,51.0,1.0,0.3430844713555054,0.8545426619509555,0.0,0.3286335345030997,0.5513619500836089,1.0,0.0,0.6,,
714.0,31.0,0.9999999999999999,0.3770591675822593,0.6651330399133049,0.0,0.39496835316262996,0.46475800154489005,1.0,0.0,0.8,,
715.0,51.0,0.9999999999999999,-0.5061238641150931,0.7453559924999298,0.0,0.5692099788303083,0.3224903099319421,1.0,0.0,0.6,,
716.0,51.0,0.9999999999999998,-0.05166931171103996,0.24999999999999967,0.0,0.5176871642217914,0.33466401061363016,1.0,0.0,1.0,,
717.0,31.0,1.0,0.37092240733825943,,0.0,0.46972332281886964,0.3898717737923586,1.0,0.0,0.8,,
718.0,11.0,1.0,0.286982708782031,0.6123724356957944,0.0,0.7348469228349536,0.08944271909999157,1.0,1.0,1.0,,
719.0,21.0,1.0,0.20538856816682877,0.408248290463863,0.0,0.792464510246358,0.6387487769068526,1.0,1.0,1.0,,
720.0,51.0,1.0,0.4123621197435564,,0.0,0.5966573556070519,0.38987177379235854,1.0,0.0,1.0,,
721.0,11.0,1.0,-0.1439386364502549,0.33218191941495984,0.0,0.5253570214625479,0.6449806198638839,1.0,1.0,0.4,,
722.0,41.0,0.9999999999999999,0.4300788802960751,,0.0,0.4774934554525329,0.6693280212272605,1.0,0.0,0.6,,
723.0,11.0,1.0,0.16477203250259265,-0.1318760946791577,0.0,0.5585696017507576,0.2966479394838266,1.0,0.0,0.8,,
724.0,41.0,1.0,0.26169965405077267,,0.0,0.45223887493226406,0.5291502622129182,1.0,0.0,1.0,,
725.0,11.0,1.0,0.09464146221095031,0.5312226091592773,0.0,0.4219004621945797,0.5079370039680117,1.0,1.0,0.6,,
726.0,21.0,1.0,-0.06763244189527978,,0.0,0.726636084983398,1.1027239001672178,1.0,1.0,0.2,,
727.0,41.0,1.0,0.40660752708234943,-0.18948418223996702,0.0,0.43358966777357605,0.5385164807134505,1.0,0.0,0.8,,
728.0,21.0,1.0,0.4391419788597774,,0.0,0.1788854381999833,0.32249030993194205,1.0,0.0,0.4,,
729.0,41.0,1.0,-0.48660396484369134,-0.3947710169758613,0.0,0.7615773105863908,0.9077444574328173,1.0,0.0,0.6,,
730.0,11.0,1.0,-0.19871884507301266,-0.37632412915898167,0.0,0.8449615375861792,0.5544727225031004,1.0,0.0,0.6,,
731.0,51.0,0.9999999999999999,0.39915380324358296,,0.0,0.49396356140913883,0.692820323027551,1.0,0.0,0.6,,
732.0,51.0,0.9999999999999998,0.4842742776412873,,0.0,0.7745966692414834,1.5491933384829668,1.0,0.0,0.4,,
733.0,21.0,1.0,-0.0869077705078469,,0.0,0.8233589739597181,1.8640600848685107,0.0,0.0,0.0,,
734.0,11.0,0.9999999999999999,0.07706215852829532,0.42847771585921013,0.0,0.8835609769563162,1.3835317126831606,1.0,0.0,0.4,,
735.0,21.0,1.0,0.0431290974588971,0.07537783614444091,0.0,0.66332495807108,0.5513619500836089,0.0,0.0,0.6,,
736.0,21.0,1.0,0.2923526731023431,-0.41286141192238507,0.0,0.565685424949238,0.66332495807108,1.0,0.0,0.8,,
737.0,51.0,0.9999999999999999,0.07368829309332034,0.25,0.0,0.7848566748139434,0.7321202087089251,1.0,1.0,0.8,,
738.0,31.0,0.9999999999999998,0.7823068149867698,-0.45287645928955167,0.0,0.38470768123342697,0.7797435475847172,1.0,0.0,0.8,,
739.0,31.0,1.0,0.3421454253142837,,0.0,0.46475800154489005,0.15491933384829668,1.0,0.0,1.0,,
740.0,41.0,0.9999999999999999,0.09257801789359367,-0.7740702698132099,0.0,0.8876936408468858,1.3423859355639869,0.0,0.0,0.4,,
741.0,21.0,1.0,0.4565092385598581,,0.0,0.6572670690061992,0.7483314773547883,1.0,0.0,0.8,,
742.0,51.0,1.0,0.5791702376476244,-0.07332355751067629,0.0,0.5727128425310541,0.7099295739719538,1.0,0.0,0.6,,
743.0,21.0,1.0,0.7979983331768199,-0.3796631983009996,0.0,0.2280350850198276,0.4098780306383839,1.0,0.0,1.0,,
744.0,41.0,1.0,0.07364677092872628,0.23249527748763854,0.0,0.8740709353364863,0.6870225614927068,1.0,1.0,0.8,,
745.0,51.0,1.0,-0.06311168026348656,0.3962029078465308,0.0,0.6387487769068524,0.9077444574328174,1.0,0.0,0.4,,
746.0,21.0,1.0,-0.13375009404306787,0.5345224838248488,0.0,0.4774934554525329,0.4195235392680607,0.0,0.0,0.4,,
747.0,41.0,1.0,-0.4748264132284413,-0.9128709291752769,0.0,0.7071067811865476,0.8148619514985346,1.0,1.0,0.6,,
